-- MySQL dump 10.13  Distrib 5.6.24, for Win64 (x86_64)
--
-- Host: 127.0.0.1    Database: work
-- ------------------------------------------------------
-- Server version	5.5.45

/*!40101 SET @OLD_CHARACTER_SET_CLIENT=@@CHARACTER_SET_CLIENT */;
/*!40101 SET @OLD_CHARACTER_SET_RESULTS=@@CHARACTER_SET_RESULTS */;
/*!40101 SET @OLD_COLLATION_CONNECTION=@@COLLATION_CONNECTION */;
/*!40101 SET NAMES utf8 */;
/*!40103 SET @OLD_TIME_ZONE=@@TIME_ZONE */;
/*!40103 SET TIME_ZONE='+00:00' */;
/*!40014 SET @OLD_UNIQUE_CHECKS=@@UNIQUE_CHECKS, UNIQUE_CHECKS=0 */;
/*!40014 SET @OLD_FOREIGN_KEY_CHECKS=@@FOREIGN_KEY_CHECKS, FOREIGN_KEY_CHECKS=0 */;
/*!40101 SET @OLD_SQL_MODE=@@SQL_MODE, SQL_MODE='NO_AUTO_VALUE_ON_ZERO' */;
/*!40111 SET @OLD_SQL_NOTES=@@SQL_NOTES, SQL_NOTES=0 */;

--
-- Table structure for table `client_jn`
--

DROP TABLE IF EXISTS `client_jn`;
/*!40101 SET @saved_cs_client     = @@character_set_client */;
/*!40101 SET character_set_client = utf8 */;
CREATE TABLE `client_jn` (
  `ID` int(11) NOT NULL AUTO_INCREMENT,
  `ClientID` int(11) NOT NULL,
  `ClientName` varchar(45) NOT NULL,
  `ClientSecondName` varchar(45) NOT NULL,
  `ClientBirthday` varchar(45) NOT NULL,
  `ClientReagistrationDate` varchar(45) NOT NULL,
  `CardNumber` varchar(45) NOT NULL,
  `PhoneNumber` varchar(45) NOT NULL,
  `Viber` varchar(45) NOT NULL,
  `Amount` int(11) NOT NULL,
  `Counter` int(11) NOT NULL,
  `Operation` varchar(45) NOT NULL,
  `DateOperation` varchar(45) NOT NULL,
  PRIMARY KEY (`ID`)
) ENGINE=InnoDB AUTO_INCREMENT=637 DEFAULT CHARSET=utf8;
/*!40101 SET character_set_client = @saved_cs_client */;

--
-- Dumping data for table `client_jn`
--

LOCK TABLES `client_jn` WRITE;
/*!40000 ALTER TABLE `client_jn` DISABLE KEYS */;
INSERT INTO `client_jn` VALUES (1,1,'Ирина','Чирка','21-06-1988','13-05-2016','1111','0956928190','-',0,0,'insert','2016-05-14 12:48:46'),(2,1,'Ирина','Чирка','21-06-1988','13-05-2016','1111','0956928190','-',0,0,'update','2016-05-14 12:51:15'),(3,1,'Ирина','Чирка','21-06-1988','13-05-2016','1111','0956928190','-',610,1,'update','2016-05-14 12:52:34'),(4,2,'Наталья','Константинова','14-10-1975','14-05-2016','1112','0668061216','-',0,0,'insert','2016-05-14 13:16:50'),(5,2,'Наталья','Константинова','14-10-1975','14-05-2016','1112','0668061216','-',0,0,'update','2016-05-14 13:19:34'),(6,3,'Татьяна','Сотникова','08-04-1978','14-05-2016','1113','0507742093','-',0,0,'insert','2016-05-14 13:23:18'),(7,3,'Татьяна','Сотникова','08-04-1978','14-05-2016','1113','0507742093','-',0,0,'update','2016-05-14 13:24:02'),(8,4,'Денис','Городецкий','30-08-1988','14-05-2016','1114','0669199218','-',0,0,'insert','2016-05-14 13:26:00'),(9,4,'Денис','Городецкий','30-08-1988','14-05-2016','1114','0669199218','-',0,0,'update','2016-05-14 13:26:47'),(10,5,'Александр','Лиштван','16-03-1977','14-05-2016','1115','0963368590','-',0,0,'insert','2016-05-14 13:28:37'),(11,5,'Александр','Лиштван','16-03-1977','14-05-2016','1115','0963368590','-',0,0,'update','2016-05-14 13:29:29'),(12,5,'Александр','Лиштван','16-03-1977','14-05-2016','1115','0963368590','-',700,1,'update','2016-05-14 13:30:05'),(13,6,'Елена','Маловичко','12-10-1972','14-05-2016','1116','0970470285','+',0,0,'insert','2016-05-14 13:31:42'),(14,6,'Елена','Маловичко','12-10-1972','14-05-2016','1116','0970470285','+',0,0,'update','2016-05-14 13:32:24'),(15,7,'Светлана','Шаговая','08-08-1979','14-05-2016','1117','0506112861','-',0,0,'insert','2016-05-14 13:35:16'),(16,7,'Светлана','Шаговая','08-08-1979','14-05-2016','1117','0506112861','-',0,0,'update','2016-05-14 13:35:53'),(17,8,'Алина','Партус','10-07-2001','14-05-2016','1118','0664572081','+',0,0,'insert','2016-05-14 13:37:13'),(18,8,'Алина','Партус','10-07-2001','14-05-2016','1118','0664572081','+',0,0,'update','2016-05-14 13:37:49'),(19,9,'Елена','Вайда','08-04-1975','14-05-2016','1120','0963944606','-',0,0,'insert','2016-05-14 13:40:02'),(20,9,'Елена','Вайда','08-04-1975','14-05-2016','1120','0963944606','-',0,0,'update','2016-05-14 13:41:07'),(21,9,'Елена','Вайда','08-04-1975','14-05-2016','1120','0963944606','-',590,1,'update','2016-05-14 13:41:31'),(22,10,'Сергей','Гойко','17-01-1999','14-05-2016','1121','0977349808','-',0,0,'insert','2016-05-14 13:56:54'),(23,10,'Сергей','Гойко','17-01-1999','14-05-2016','1121','0977349808','-',0,0,'update','2016-05-14 13:58:01'),(24,11,'Николай','Морозов','24-03-2000','14-05-2016','1130','0509061960','-',0,0,'insert','2016-05-14 14:07:39'),(25,11,'Николай','Морозов','24-03-2000','14-05-2016','1130','0509061960','-',0,0,'update','2016-05-14 14:08:14'),(26,11,'Николай','Морозов','24-03-2000','14-05-2016','1130','0509061960','-',630,1,'update','2016-05-15 03:26:06'),(27,12,'Елена','Пак','01-01-1971','15-05-2016','1119','0978242749','-',0,0,'insert','2016-05-18 01:54:05'),(28,13,'Анна','Гасенко','13-08-1985','17-05-2016','1122','0666338771','+',0,0,'insert','2016-05-18 01:55:47'),(29,14,'Татьяна','Максимюк','11-10-1990','17-05-2016','1131','0501030265','+',0,0,'insert','2016-05-18 01:57:39'),(30,15,'Виктор','Лойко','08-07-1974','15-05-2016','1140','0987861269','-',0,0,'insert','2016-05-18 01:59:13'),(31,16,'Оксана','Вахрамеева','29-07-1983','15-05-2016','1141','0669309534','-',0,0,'insert','2016-05-18 02:01:32'),(32,17,'Мария','Жолуденко','26-06-1980','15-05-2016','1142','0664639694','-',0,0,'insert','2016-05-18 02:05:39'),(33,18,'Владимир','Гапоненко','01-01-1111','15-05-2016','1143','0956131614','-',0,0,'insert','2016-05-18 02:07:54'),(34,12,'Елена','Пак','01-01-1971','15-05-2016','1119','0978242749','-',0,0,'update','2016-05-18 02:08:26'),(35,19,'Оксана','Кваша','23-03-1981','15-05-2016','1144','0955350329','+',0,0,'insert','2016-05-18 02:10:10'),(36,20,'Инна','Рудниченко','16-12-1996','15-05-2016','1145','0984544323','+',0,0,'insert','2016-05-18 02:11:26'),(37,21,'Татьяна','Тимохина','27-11-1978','15-05-2016','1146','0994647457','-',0,0,'insert','2016-05-18 02:12:36'),(38,22,'Надежда','Кравчук','28-03-1959','15-05-2016','1147','0962233319','-',0,0,'insert','2016-05-18 02:13:55'),(39,23,'Людмила','Полежай','12-09-1982','15-05-2016','1148','0501594234','+',0,0,'insert','2016-05-18 02:15:13'),(40,24,'Алексей','Арсенюк','11-03-1973','15-05-2016','1149','0974991152','-',0,0,'insert','2016-05-18 02:16:46'),(41,25,'Юлия','Фурсенко','12-03-1991','15-05-2016','1150','0953094541','+',0,0,'insert','2016-05-18 02:18:24'),(42,26,'Алёна','Надвернюк','12-07-1975','15-05-2016','1151','0666579761','+',0,0,'insert','2016-05-18 02:21:03'),(43,27,'Роман','Пташенчук','17-09-1986','17-05-2016','1152','0662825440','+',0,0,'insert','2016-05-18 02:22:25'),(44,28,'Виктор','Мородецкий','19-06-1962','17-05-2016','1153','0990688159','-',0,0,'insert','2016-05-18 02:23:44'),(45,29,'Яна','Приходько','28-12-1998','17-05-2016','1154','0995481262','-',0,0,'insert','2016-05-18 02:24:54'),(46,13,'Анна','Гасенко','13-08-1985','17-05-2016','1122','0666338771','+',0,0,'update','2016-05-18 09:56:22'),(47,14,'Татьяна','Максимюк','11-10-1990','17-05-2016','1131','0501030265','+',0,0,'update','2016-05-18 09:58:10'),(48,14,'Татьяна','Максимюк','11-10-1990','17-05-2016','1131','0501030265','+',630,1,'update','2016-05-18 09:59:34'),(49,14,'Татьяна','Максимюк','11-10-1990','17-05-2016','1131','0501030265','+',1430,2,'update','2016-05-18 10:00:12'),(50,15,'Виктор','Лойко','08-07-1974','15-05-2016','1140','0987861269','-',0,0,'update','2016-05-18 10:01:41'),(51,16,'Оксана','Вахрамеева','29-07-1983','15-05-2016','1141','0669309534','-',0,0,'update','2016-05-18 10:02:17'),(52,17,'Мария','Жолуденко','26-06-1980','15-05-2016','1142','0664639694','-',0,0,'update','2016-05-18 10:02:48'),(53,18,'Владимир','Гапоненко','01-01-1111','15-05-2016','1143','0956131614','-',0,0,'update','2016-05-18 10:03:22'),(54,19,'Оксана','Кваша','23-03-1981','15-05-2016','1144','0955350329','+',0,0,'update','2016-05-18 10:04:02'),(55,20,'Инна','Рудниченко','16-12-1996','15-05-2016','1145','0984544323','+',0,0,'update','2016-05-18 10:04:28'),(56,21,'Татьяна','Тимохина','27-11-1978','15-05-2016','1146','0994647457','-',0,0,'update','2016-05-18 10:04:55'),(57,22,'Надежда','Кравчук','28-03-1959','15-05-2016','1147','0962233319','-',0,0,'update','2016-05-18 10:05:27'),(58,23,'Людмила','Полежай','12-09-1982','15-05-2016','1148','0501594234','+',0,0,'update','2016-05-18 10:06:00'),(59,24,'Алексей','Арсенюк','11-03-1973','15-05-2016','1149','0974991152','-',0,0,'update','2016-05-18 10:06:30'),(60,25,'Юлия','Фурсенко','12-03-1991','15-05-2016','1150','0953094541','+',0,0,'update','2016-05-18 10:07:01'),(61,25,'Юлия','Фурсенко','12-03-1991','15-05-2016','1150','0953094541','+',660,1,'update','2016-05-18 10:07:36'),(62,26,'Алёна','Надвернюк','12-07-1975','15-05-2016','1151','0666579761','+',0,0,'update','2016-05-18 10:08:04'),(63,26,'Алёна','Надвернюк','12-07-1975','15-05-2016','1151','0666579761','+',620,1,'update','2016-05-18 10:08:40'),(64,26,'Алёна','Надвернюк','12-07-1975','15-05-2016','1151','0666579761','+',1340,2,'update','2016-05-18 10:09:08'),(65,27,'Роман','Пташенчук','17-09-1986','17-05-2016','1152','0662825440','+',0,0,'update','2016-05-18 10:09:48'),(66,28,'Виктор','Мородецкий','19-06-1962','17-05-2016','1153','0990688159','-',0,0,'update','2016-05-18 10:10:25'),(67,29,'Яна','Приходько','28-12-1998','17-05-2016','1154','0995481262','-',0,0,'update','2016-05-18 10:10:51'),(68,30,'Наталия','Милованова','15-12-1996','18-05-2016','1129','0994019704','-',0,0,'insert','2016-05-18 10:12:53'),(69,31,'Марина','Штанько','09-05-1969','18-05-2016','1157','0992825729','-',0,0,'insert','2016-05-18 10:14:07'),(70,32,'Олена','Квитка','06-05-1992','18-05-2016','1156','0665097759','+',0,0,'insert','2016-05-18 10:15:28'),(71,33,'Лариса','Пискун','06-02-1973','18-05-2016','1155','0956491450','-',0,0,'insert','2016-05-18 10:16:38'),(72,33,'Лариса','Пискун','06-02-1973','18-05-2016','1155','0956491450','-',0,0,'update','2016-05-18 10:17:19'),(73,32,'Олена','Квитка','06-05-1992','18-05-2016','1156','0665097759','+',0,0,'update','2016-05-18 10:17:55'),(74,31,'Марина','Штанько','09-05-1969','18-05-2016','1157','0992825729','-',0,0,'update','2016-05-18 10:18:37'),(75,31,'Марина','Штанько','09-05-1969','18-05-2016','1157','0992825729','-',700,1,'update','2016-05-18 10:19:12'),(76,30,'Наталия','Милованова','15-12-1996','18-05-2016','1129','0994019704','-',0,0,'update','2016-05-18 10:19:54'),(77,34,'Людмила','Литвиненко','18-07-1980','19-05-2016','1158','0993794500','-',0,0,'insert','2016-05-19 13:32:44'),(78,34,'Людмила','Литвиненко','18-07-1980','19-05-2016','1158','0993794500','-',0,0,'update','2016-05-19 13:33:29'),(79,35,'Руслана','Матяш','30-12-1991','19-05-2016','1123','0500839061','+',0,0,'insert','2016-05-19 13:34:54'),(80,35,'Руслана','Матяш','30-12-1991','19-05-2016','1123','0500839061','+',0,0,'update','2016-05-19 13:35:34'),(81,36,'Артём','Гречко','15-03-1995','20-05-2016','1124','0997826548','-',0,0,'insert','2016-05-20 12:22:59'),(82,37,'Юлия','Черний','26-12-1979','20-05-2016','1159','0505236357','-',0,0,'insert','2016-05-20 12:24:34'),(83,38,'Майя','Антропова','02-11-1953','20-05-2016','1160','0661750700','-',0,0,'insert','2016-05-20 12:25:54'),(84,39,'Наталья','Баклашова','30-03-1984','20-05-2016','1161','0506062131','-',0,0,'insert','2016-05-20 12:26:58'),(85,40,'Иван','Новосельцев','11-11-1111','20-05-2016','1162','0505476141','-',0,0,'insert','2016-05-20 12:28:11'),(86,36,'Артём','Гречко','15-03-1995','20-05-2016','1124','0997826548','-',0,0,'update','2016-05-20 12:28:54'),(87,37,'Юлия','Черний','26-12-1979','20-05-2016','1159','0505236357','-',0,0,'update','2016-05-20 12:29:32'),(88,38,'Майя','Антропова','02-11-1953','20-05-2016','1160','0661750700','-',0,0,'update','2016-05-20 12:30:04'),(89,39,'Наталья','Баклашова','30-03-1984','20-05-2016','1161','0506062131','-',0,0,'update','2016-05-20 12:30:44'),(90,40,'Иван','Новосельцев','11-11-1111','20-05-2016','1162','0505476141','-',0,0,'update','2016-05-20 12:31:14'),(91,41,'Роман','МАРЧЕНКО','02-02-1983','21-05-2016','1126','0950266020','-',0,0,'insert','2016-05-21 13:30:59'),(92,42,'Елена','Иващенко','10-04-1983','21-05-2016','1125','0959414730','+',0,0,'insert','2016-05-21 13:33:14'),(93,43,'Елена','Несмачная','21-11-1969','21-05-2016','1163','0955886897','-',0,0,'insert','2016-05-21 13:38:10'),(94,44,'Александр','поздняк','11-11-1111','21-05-2016','1164','0991111111','-',0,0,'insert','2016-05-21 13:40:10'),(95,45,'Вера','Мельник','25-10-1958','21-05-2016','1165','0505894465','-',0,0,'insert','2016-05-21 13:41:15'),(96,46,'Наталья','Коношенко','18-03-1984','21-05-2016','1166','0664885037','+',0,0,'insert','2016-05-21 13:42:17'),(97,47,'Екатерина','Новикова','19-07-1992','21-05-2016','1167','0996444781','+',0,0,'insert','2016-05-21 13:43:29'),(98,48,'Лариса','Михайлова','20-07-1969','21-05-2016','1168','0995621196','-',0,0,'insert','2016-05-21 13:44:33'),(99,49,'Константин','Зайцев','10-04-1986','21-05-2016','1169','0981039253','-',0,0,'insert','2016-05-21 13:45:49'),(100,50,'Виктор','Мальченко','28-06-1962','21-05-2016','1170','0953015294','-',0,0,'insert','2016-05-21 13:46:54'),(101,43,'Елена','Несмачная','21-11-1969','21-05-2016','1163','0955886897','-',0,0,'update','2016-05-21 13:47:37'),(102,44,'Александр','поздняк','11-11-1111','21-05-2016','1164','0991111111','-',0,0,'update','2016-05-21 13:48:09'),(103,45,'Вера','Мельник','25-10-1958','21-05-2016','1165','0505894465','-',0,0,'update','2016-05-21 13:49:58'),(104,46,'Наталья','Коношенко','18-03-1984','21-05-2016','1166','0664885037','+',0,0,'update','2016-05-21 13:50:30'),(105,47,'Екатерина','Новикова','19-07-1992','21-05-2016','1167','0996444781','+',0,0,'update','2016-05-21 13:51:06'),(106,48,'Лариса','Михайлова','20-07-1969','21-05-2016','1168','0995621196','-',0,0,'update','2016-05-21 13:51:35'),(107,49,'Константин','Зайцев','10-04-1986','21-05-2016','1169','0981039253','-',0,0,'update','2016-05-21 13:52:11'),(108,50,'Виктор','Мальченко','28-06-1962','21-05-2016','1170','0953015294','-',0,0,'update','2016-05-21 13:53:06'),(109,50,'Виктор','Мальченко','28-06-1962','21-05-2016','1170','0953015294','-',600,1,'update','2016-05-21 13:53:37'),(110,42,'Елена','Иващенко','10-04-1983','21-05-2016','1125','0959414730','+',0,0,'update','2016-05-21 13:54:16'),(111,41,'Роман','МАРЧЕНКО','02-02-1983','21-05-2016','1126','0950266020','-',0,0,'update','2016-05-21 13:55:04'),(112,51,'Наталья','однолько','11-11-1111','22-05-2016','1132','0663773955','-',0,0,'insert','2016-05-23 06:34:54'),(113,52,'виталий','пополоренко','17-07-1971','22-05-2016','1133','0977415358','-',0,0,'insert','2016-05-23 06:36:49'),(114,53,'Елена','непомнящая','07-01-1984','22-05-2016','1134','0667821768','-',0,0,'insert','2016-05-23 06:38:09'),(115,54,'сн','козуб','03-04-2008','22-05-2016','1138','0952212641','-',0,0,'insert','2016-05-23 06:41:47'),(116,55,'игорь','эберт','27-10-1987','22-05-2016','1137','0993310135','+',0,0,'insert','2016-05-23 06:43:52'),(117,54,'сн','козуб','03-04-2008','22-05-2016','1138','0952212641','-',0,0,'update','2016-05-23 06:44:56'),(118,56,'кирилл','лазарев','23-05-2000','22-05-2016','1136','0664665457','+',0,0,'insert','2016-05-23 06:46:42'),(119,57,'дмитрий','михальенко','01-10-1988','22-05-2016','1201','0992312261','-',0,0,'insert','2016-05-23 06:48:55'),(120,58,'данил','цемашко','18-05-1111','22-05-2016','1135','0993698229','-',0,0,'insert','2016-05-23 06:50:13'),(121,59,'Елена','кириченко','03-03-1981','22-05-2016','1200','0665847925','-',0,0,'insert','2016-05-23 06:59:39'),(122,60,'Виктория','афанасьева','19-07-1970','22-05-2016','1174','0951999074','-',0,0,'insert','2016-05-23 07:01:02'),(123,61,'Иван','гнатюк','11-11-1111','22-05-2016','1179','0667873797','-',0,0,'insert','2016-05-23 07:02:26'),(124,62,'михаил','трапезников','11-11-1111','22-05-2016','1172','0660241954','-',0,0,'insert','2016-05-23 07:09:27'),(125,63,'анжела','пенжанина','05-07-1969','22-05-2016','1171','0951945239','-',0,0,'insert','2016-05-23 07:10:36'),(126,64,'Елена','гармаш','20-06-1966','22-05-2016','1173','0951430014','-',0,0,'insert','2016-05-23 07:11:31'),(127,65,'Оксана','ковалёва','11-11-1111','22-05-2016','1175','0660134506','-',0,0,'insert','2016-05-23 07:12:40'),(128,66,'анна','гамчук','16-04-1979','22-05-2016','1176','0955385024','-',0,0,'insert','2016-05-23 07:13:44'),(129,67,'Александр','савчук','22-02-1961','22-05-2016','1177','0506438665','-',0,0,'insert','2016-05-23 07:14:53'),(130,68,'Александр','жарий','03-11-1985','22-05-2016','1178','0663506490','-',0,0,'insert','2016-05-23 07:15:42'),(131,69,'валентин','станкович','23-07-1990','22-05-2016','1180','0955706916','-',0,0,'insert','2016-05-23 07:16:42'),(132,70,'Виктор','ноженко','03-06-1993','22-05-2016','1190','0951754414','+',0,0,'insert','2016-05-23 07:17:54'),(133,71,'Татьяна','черней','12-10-1976','22-05-2016','1191','0951602960','-',0,0,'insert','2016-05-23 07:18:43'),(134,72,'игорь','смоляр','30-07-1969','22-05-2016','1192','0957189699','-',0,0,'insert','2016-05-23 07:19:34'),(135,73,'Наталия','лях','28-10-1975','22-05-2016','1193','0958780755','+',0,0,'insert','2016-05-23 07:20:27'),(136,74,'анастасия','анастасенко','26-03-1996','22-05-2016','1194','0951005749','-',0,0,'insert','2016-05-23 07:21:47'),(137,75,'виталия','басова','28-12-1981','22-05-2016','1127','0956779152','+',0,0,'insert','2016-05-23 07:24:45'),(138,76,'любовь','скороход','26-08-1970','22-05-2016','1128','0954785725','-',0,0,'insert','2016-05-23 07:26:05'),(139,77,'Иван','санин','27-10-1989','22-05-2016','1240','0996116958','-',0,0,'insert','2016-05-23 07:27:00'),(140,78,'Сергей','гришковский','29-06-1975','22-05-2016','1241','0954886320','-',0,0,'insert','2016-05-23 07:27:56'),(141,79,'игорь','мазурик','18-06-1991','22-05-2016','1242','0666171234','-',0,0,'insert','2016-05-23 07:29:07'),(142,80,'Денис','баринов','01-01-1986','22-05-2016','1243','0677577811','+',0,0,'insert','2016-05-23 07:30:49'),(143,81,'Александр','заворитный','11-11-1111','22-05-2016','1195','0685611203','-',0,0,'insert','2016-05-23 07:32:03'),(144,82,'Владимир','баранов','07-05-1963','22-05-2016','1196','0660001011','+',0,0,'insert','2016-05-23 07:33:04'),(145,62,'михаил','трапезников','11-11-1111','22-05-2016','1172','0660241954','-',0,0,'update','2016-05-23 07:34:28'),(146,63,'анжела','пенжанина','05-07-1969','22-05-2016','1171','0951945239','-',0,0,'update','2016-05-23 07:35:02'),(147,63,'анжела','пенжанина','05-07-1969','22-05-2016','1171','0951945239','-',720,1,'update','2016-05-23 07:35:38'),(148,63,'анжела','пенжанина','05-07-1969','22-05-2016','1171','0951945239','-',1180,2,'update','2016-05-23 07:36:13'),(149,64,'Елена','гармаш','20-06-1966','22-05-2016','1173','0951430014','-',0,0,'update','2016-05-23 07:36:45'),(150,60,'Виктория','афанасьева','19-07-1970','22-05-2016','1174','0951999074','-',0,0,'update','2016-05-23 07:38:22'),(151,65,'Оксана','ковалёва','11-11-1111','22-05-2016','1175','0660134506','-',0,0,'update','2016-05-23 07:38:50'),(152,66,'анна','гамчук','16-04-1979','22-05-2016','1176','0955385024','-',0,0,'update','2016-05-23 07:39:53'),(153,66,'анна','гамчук','16-04-1979','22-05-2016','1176','0955385024','-',720,1,'update','2016-05-23 07:40:25'),(154,67,'Александр','савчук','22-02-1961','22-05-2016','1177','0506438665','-',0,0,'update','2016-05-23 07:40:55'),(155,68,'Александр','жарий','03-11-1985','22-05-2016','1178','0663506490','-',0,0,'update','2016-05-23 07:41:26'),(156,61,'Иван','гнатюк','11-11-1111','22-05-2016','1179','0667873797','-',0,0,'update','2016-05-23 07:41:56'),(157,69,'валентин','станкович','23-07-1990','22-05-2016','1180','0955706916','-',0,0,'update','2016-05-23 07:42:30'),(158,70,'Виктор','ноженко','03-06-1993','22-05-2016','1190','0951754414','+',0,0,'update','2016-05-23 07:42:58'),(159,71,'Татьяна','черней','12-10-1976','22-05-2016','1191','0951602960','-',0,0,'update','2016-05-23 07:43:20'),(160,72,'игорь','смоляр','30-07-1969','22-05-2016','1192','0957189699','-',0,0,'update','2016-05-23 07:43:52'),(161,73,'Наталия','лях','28-10-1975','22-05-2016','1193','0958780755','+',0,0,'update','2016-05-23 07:44:21'),(162,73,'Наталия','лях','28-10-1975','22-05-2016','1193','0958780755','+',595,1,'update','2016-05-23 07:44:52'),(163,74,'анастасия','анастасенко','26-03-1996','22-05-2016','1194','0951005749','-',0,0,'update','2016-05-23 07:45:22'),(164,81,'Александр','заворитный','11-11-1111','22-05-2016','1195','0685611203','-',0,0,'update','2016-05-23 07:46:54'),(165,54,'сн','козуб','04-08-1963','22-05-2016','1138','0952212641','-',0,0,'update','2016-05-23 07:48:26'),(166,55,'игорь','эберт','27-10-1987','22-05-2016','1137','0993310135','+',0,0,'update','2016-05-23 07:48:59'),(167,56,'кирилл','лазарев','23-05-2000','22-05-2016','1136','0664665457','+',0,0,'update','2016-05-23 07:51:24'),(168,59,'Елена','кириченко','03-03-1981','22-05-2016','1200','0665847925','-',0,0,'update','2016-05-23 07:52:22'),(169,57,'дмитрий','михальенко','01-10-1988','22-05-2016','1201','0992312261','-',0,0,'update','2016-05-23 07:52:48'),(170,75,'виталия','басова','28-12-1981','22-05-2016','1127','0956779152','+',0,0,'update','2016-05-23 08:35:01'),(171,76,'любовь','скороход','26-08-1970','22-05-2016','1128','0954785725','-',0,0,'update','2016-05-23 08:35:27'),(172,77,'Иван','санин','27-10-1989','22-05-2016','1240','0996116958','-',0,0,'update','2016-05-23 08:35:56'),(173,78,'Сергей','гришковский','29-06-1975','22-05-2016','1241','0954886320','-',0,0,'update','2016-05-23 08:36:24'),(174,79,'игорь','мазурик','18-06-1991','22-05-2016','1242','0666171234','-',0,0,'update','2016-05-23 08:36:52'),(175,80,'Денис','баринов','01-01-1986','22-05-2016','1243','0677577811','+',0,0,'update','2016-05-23 08:37:33'),(176,80,'Денис','баринов','01-01-1986','22-05-2016','1243','0677577811','+',630,1,'update','2016-05-23 08:38:02'),(177,51,'Наталья','однолько','11-11-1111','22-05-2016','1132','0663773955','-',0,0,'update','2016-05-23 08:41:14'),(178,51,'Наталья','однолько','11-11-1111','22-05-2016','1132','0663773955','-',400,1,'update','2016-05-23 08:41:50'),(179,52,'виталий','пополоренко','17-07-1971','22-05-2016','1133','0977415358','-',0,0,'update','2016-05-23 08:43:12'),(180,53,'Елена','непомнящая','07-01-1984','22-05-2016','1134','0667821768','-',0,0,'update','2016-05-23 08:48:47'),(181,53,'Елена','непомнящая','07-01-1984','22-05-2016','1134','0667821768','-',650,1,'update','2016-05-24 12:01:05'),(182,83,'Александр','ховруков','03-05-1971','24-05-2016','1202','0995052989','-',0,0,'insert','2016-05-24 12:04:39'),(183,84,'виталий','веровский','04-06-1965','24-05-2016','1209','0992907716','-',0,0,'insert','2016-05-24 12:05:40'),(184,53,'Елена','непомнящая','07-01-1984','22-05-2016','1139','0667821768','-',650,1,'update','2016-05-24 12:07:42'),(185,85,'Алёна','тохтай','28-05-1999','24-05-2016','1139','0509267921','-',0,0,'insert','2016-05-24 12:08:59'),(186,85,'Алёна','тохтай','28-05-1999','24-05-2016','1139','0509267921','-',0,0,'update','2016-05-24 12:10:11'),(187,85,'Алёна','тохтай','28-05-1999','24-05-2016','1139','0509267921','-',650,1,'update','2016-05-24 12:10:39'),(188,86,'олег','сорокин','18-01-1111','22-05-2016','1208','0985886190','-',0,0,'insert','2016-05-24 12:12:08'),(189,86,'олег','сорокин','18-01-1111','22-05-2016','1208','0985886190','-',0,0,'update','2016-05-24 12:12:42'),(190,87,'Оксана','березанская','02-10-1979','24-05-2016','1197','0980598838','-',0,0,'insert','2016-05-24 12:14:09'),(191,88,'Татьяна','горовая','22-11-1987','24-05-2016','1198','0665909287','-',0,0,'insert','2016-05-24 12:31:06'),(192,89,'Наталья','емельянова','18-04-1979','24-05-2016','1199','0985885536','-',0,0,'insert','2016-05-24 12:32:13'),(193,90,'Алёна','юшко','07-01-1982','24-05-2016','1181','0978784861','-',0,0,'insert','2016-05-24 12:33:38'),(194,91,'Владимир','петух','22-06-1984','24-05-2016','1182','0990347898','+',0,0,'insert','2016-05-24 12:35:06'),(195,92,'алина','козлова','04-12-1979','24-05-2016','1183','0991061250','-',0,0,'insert','2016-05-24 12:36:12'),(196,93,'галина','марцинкевич','17-04-1956','24-05-2016','1184','0991111111','-',0,0,'insert','2016-05-24 12:39:05'),(197,94,'евгений','романович','19-12-2000','24-05-2016','1244','0500378701','-',0,0,'insert','2016-05-24 12:40:33'),(198,83,'Александр','ховруков','03-05-1971','24-05-2016','1202','0995052989','-',0,0,'update','2016-05-24 12:41:50'),(199,83,'Александр','ховруков','03-05-1971','24-05-2016','1202','0995052989','-',620,1,'update','2016-05-24 12:42:34'),(200,84,'виталий','веровский','04-06-1965','24-05-2016','1209','0992907716','-',0,0,'update','2016-05-24 12:43:22'),(201,94,'евгений','романович','19-12-2000','24-05-2016','1244','0500378701','-',0,0,'update','2016-05-24 12:45:15'),(202,82,'Владимир','баранов','07-05-1963','22-05-2016','1196','0660001011','+',0,0,'update','2016-05-24 12:45:50'),(203,87,'Оксана','березанская','02-10-1979','24-05-2016','1197','0980598838','-',0,0,'update','2016-05-24 12:47:23'),(204,88,'Татьяна','горовая','22-11-1987','24-05-2016','1198','0665909287','-',0,0,'update','2016-05-24 12:48:07'),(205,89,'Наталья','емельянова','18-04-1979','24-05-2016','1199','0985885536','-',0,0,'update','2016-05-24 12:48:46'),(206,90,'Алёна','юшко','07-01-1982','24-05-2016','1181','0978784861','-',0,0,'update','2016-05-24 12:49:16'),(207,91,'Владимир','петух','22-06-1984','24-05-2016','1182','0990347898','+',0,0,'update','2016-05-24 12:50:12'),(208,92,'алина','козлова','04-12-1979','24-05-2016','1183','0991061250','-',0,0,'update','2016-05-24 12:50:40'),(209,93,'галина','марцинкевич','17-04-1956','24-05-2016','1184','0991111111','-',0,0,'update','2016-05-24 12:51:07'),(210,95,'валентина','чабанова','03-07-1964','25-05-2016','1185','0999753234','+',0,0,'insert','2016-05-26 04:44:41'),(211,96,'Ирина','рожко','13-06-1970','25-05-2016','1186','0509790357','-',0,0,'insert','2016-05-26 04:45:42'),(212,97,'маргарита','данилова','14-12-1983','25-05-2016','1187','0990402265','+',0,0,'insert','2016-05-26 04:46:50'),(213,98,'мурат','халимов','10-08-1968','25-05-2016','1188','0506643079','+',0,0,'insert','2016-05-26 04:47:54'),(214,99,'Светлана','матвийчук','23-04-1976','25-05-2016','1245','0993666176','-',0,0,'insert','2016-05-26 04:49:00'),(215,100,'валерия','маленькая','12-02-1999','26-05-2016','1189','0506181071','-',0,0,'insert','2016-05-26 12:12:27'),(216,101,'Александр','редан','27-05-1111','26-05-2016','1206','0956481534','-',0,0,'insert','2016-05-26 12:13:43'),(217,102,'Николай','куча','05-11-1998','26-05-2016','1210','0997944909','+',0,0,'insert','2016-05-26 12:15:14'),(218,95,'валентина','чабанова','03-07-1964','25-05-2016','1185','0999753234','+',0,0,'update','2016-05-26 12:16:17'),(219,95,'валентина','чабанова','03-07-1964','25-05-2016','1185','0999753234','+',840,1,'update','2016-05-26 12:16:41'),(220,96,'Ирина','рожко','13-06-1970','25-05-2016','1186','0509790357','-',0,0,'update','2016-05-26 12:17:27'),(221,96,'Ирина','рожко','13-06-1970','25-05-2016','1186','0509790357','-',600,1,'update','2016-05-26 12:18:12'),(222,96,'Ирина','рожко','13-06-1970','25-05-2016','1186','0509790357','-',1170,2,'update','2016-05-26 12:19:06'),(223,97,'маргарита','данилова','14-12-1983','25-05-2016','1187','0990402265','+',0,0,'update','2016-05-26 12:19:47'),(224,98,'мурат','халимов','10-08-1968','25-05-2016','1188','0506643079','+',0,0,'update','2016-05-26 12:20:19'),(225,87,'Оксана','березанская','02-10-1979','24-05-2016','1197','0980598838','-',745,1,'update','2016-05-26 12:21:05'),(226,100,'валерия','маленькая','12-02-1999','26-05-2016','1189','0506181071','-',0,0,'update','2016-05-26 12:21:46'),(227,102,'Николай','куча','05-11-1998','26-05-2016','1210','0997944909','+',0,0,'update','2016-05-26 12:22:31'),(228,101,'Александр','редан','27-05-1111','26-05-2016','1206','0956481534','-',0,0,'update','2016-05-26 12:23:21'),(229,99,'Светлана','матвийчук','23-04-1976','25-05-2016','1245','0993666176','-',0,0,'update','2016-05-26 12:24:04'),(230,103,'Надежда','ревенко','15-11-1968','27-05-2016','1211','0995392534','+',0,0,'insert','2016-05-28 14:29:37'),(231,104,'Наталья','младзиевская','08-08-1969','27-05-2016','1212','0956807189','+',0,0,'insert','2016-05-28 14:30:52'),(232,105,'Александр','бийчук','27-05-1996','27-05-2016','1213','0951463798','-',0,0,'insert','2016-05-28 14:31:59'),(233,106,'Сергей','жерковский','31-03-1988','27-05-2016','1246','0954201282','-',0,0,'insert','2016-05-28 14:33:46'),(234,107,'валентин','черкесов','01-01-1111','27-05-2016','1204','0509565836','-',0,0,'insert','2016-05-28 14:35:23'),(235,108,'Владимир','буритко','27-05-1953','27-05-2016','1247','0957176575','-',0,0,'insert','2016-05-28 14:37:21'),(236,109,'Оксана','гаврилёк','09-01-1972','27-05-2016','1248','0951986120','-',0,0,'insert','2016-05-28 14:38:33'),(237,110,'игорь','люлько','22-05-1976','27-05-2016','1249','0668009893','-',0,0,'insert','2016-05-28 14:39:29'),(238,111,'Елена','пуховець','02-03-1972','27-05-2016','1214','0668720667','+',0,0,'insert','2016-05-28 14:41:25'),(239,112,'лилия','даниленко','16-05-1965','28-05-2016','1215','0964999484','-',0,0,'insert','2016-05-28 14:42:51'),(240,110,'игорь','люлько','22-05-1976','27-05-2016','1249','0668009893','-',0,0,'update','2016-05-28 14:43:22'),(241,109,'Оксана','гаврилёк','09-01-1972','27-05-2016','1248','0951986120','-',0,0,'update','2016-05-28 14:43:45'),(242,108,'Владимир','буритко','27-05-1953','27-05-2016','1247','0957176575','-',0,0,'update','2016-05-28 14:44:07'),(243,107,'валентин','черкесов','01-01-1111','27-05-2016','1204','0509565836','-',0,0,'update','2016-05-28 14:44:30'),(244,113,'Александр','остапенко','17-05-1958','28-05-2016','1216','0956980739','-',0,0,'insert','2016-05-28 14:46:02'),(245,114,'валентина','кириченко','01-02-1975','28-05-2016','1217','0502009190','-',0,0,'insert','2016-05-28 14:47:08'),(246,115,'Инна','черненко','31-01-1995','28-05-2016','1218','0991503509','-',0,0,'insert','2016-05-28 14:48:29'),(247,107,'валентин','черкесов','01-01-1111','28-05-2016','1204','0509565836','-',0,0,'update','2016-05-28 14:49:47'),(248,107,'валентин','черкесов','01-01-1111','28-05-2016','1204','0509565836','-',620,1,'update','2016-05-28 14:50:22'),(249,96,'Ирина','рожко','13-06-1970','25-05-2016','1186','0509790357','-',1790,3,'update','2016-05-28 14:51:39'),(250,103,'Надежда','ревенко','15-11-1968','27-05-2016','1211','0995392534','+',0,0,'update','2016-05-28 14:52:49'),(251,103,'Надежда','ревенко','15-11-1968','27-05-2016','1211','0995392534','+',680,1,'update','2016-05-28 14:53:53'),(252,103,'Надежда','ревенко','15-11-1968','27-05-2016','1211','0995392534','+',1280,2,'update','2016-05-28 14:54:45'),(253,104,'Наталья','младзиевская','08-08-1969','27-05-2016','1212','0956807189','+',0,0,'update','2016-05-28 14:55:24'),(254,105,'Александр','бийчук','27-05-1996','27-05-2016','1213','0951463798','-',0,0,'update','2016-05-28 14:55:57'),(255,70,'Виктор','ноженко','03-06-1993','22-05-2016','1190','0951754414','+',615,1,'update','2016-05-28 14:56:36'),(256,111,'Елена','пуховець','02-03-1972','27-05-2016','1214','0668720667','+',0,0,'update','2016-05-28 14:57:14'),(257,112,'лилия','даниленко','16-05-1965','28-05-2016','1215','0964999484','-',0,0,'update','2016-05-28 14:57:49'),(258,113,'Александр','остапенко','17-05-1958','28-05-2016','1216','0956980739','-',0,0,'update','2016-05-28 14:58:46'),(259,114,'валентина','кириченко','01-02-1975','28-05-2016','1217','0502009190','-',0,0,'update','2016-05-28 14:59:21'),(260,115,'Инна','черненко','31-01-1995','28-05-2016','1218','0991503509','-',0,0,'update','2016-05-28 14:59:50'),(261,115,'Инна','черненко','31-01-1995','28-05-2016','1218','0991503509','-',745,1,'update','2016-05-28 15:00:38'),(262,108,'Владимир','буритко','27-05-1953','28-05-2016','1247','0957176575','-',0,0,'update','2016-05-28 15:01:27'),(263,109,'Оксана','гаврилёк','09-01-1972','28-05-2016','1248','0951986120','-',0,0,'update','2016-05-28 15:02:11'),(264,110,'игорь','люлько','22-05-1976','28-05-2016','1249','0668009893','-',0,0,'update','2016-05-28 15:02:45'),(265,106,'Сергей','жерковский','31-03-1988','27-05-2016','1246','0954201282','-',0,0,'update','2016-05-28 15:03:25'),(266,116,'Татьяна','полонская','24-07-1974','29-05-2016','1219','0996599153','-',0,0,'insert','2016-06-01 02:43:54'),(267,117,'Елена','мошковська','11-04-1979','29-05-2016','1230','0956991351','-',0,0,'insert','2016-06-01 02:45:10'),(268,118,'юрий','адаменко','11-11-1111','29-05-2016','1220','0507225437','-',0,0,'insert','2016-06-01 02:46:18'),(269,119,'Денис','нараков','21-01-1992','29-05-2016','1221','0507292637','-',0,0,'insert','2016-06-01 02:47:46'),(270,120,'Светлана','беньковская','09-10-1979','29-05-2016','1222','0984701869','-',0,0,'insert','2016-06-01 02:48:55'),(271,121,'Сергей','толстой','10-08-1987','29-05-2016','1231','0661034526','-',0,0,'insert','2016-06-01 02:50:05'),(272,122,'Лариса','гордиенко','30-01-1970','29-05-2016','1223','0979263177','-',0,0,'insert','2016-06-01 02:51:09'),(273,123,'Сергей','величко','03-03-1971','29-05-2016','1224','0503961735','-',0,0,'insert','2016-06-01 02:52:03'),(274,124,'Владимир','кравец','18-01-1979','31-05-2016','1225','0953168405','+',0,0,'insert','2016-06-01 02:53:38'),(275,125,'андрей','юркевич','25-03-1969','31-05-2016','1226','0501499375','-',0,0,'insert','2016-06-01 02:55:11'),(276,126,'Денис','шевченко','27-07-1998','1-06-2016','1233','0994990474','+',0,0,'insert','2016-06-01 13:08:27'),(277,127,'маргарита','тимоховцева','06-06-1991','1-06-2016','1232','0990103337','+',0,0,'insert','2016-06-01 13:09:51'),(278,128,'ольга','худзей','07-07-1981','1-06-2016','1229','0661254282','-',0,0,'insert','2016-06-01 13:10:59'),(279,129,'Майя','полегенько','23-04-1982','1-06-2016','1228','0957350865','+',0,0,'insert','2016-06-01 13:13:27'),(280,130,'дина','куцык','15-10-1993','1-06-2016','1227','0952245099','+',0,0,'insert','2016-06-01 13:14:22'),(281,131,'Светлана','квициния','09-10-1981','1-06-2016','1205','0993426462','-',0,0,'insert','2016-06-01 13:15:29'),(282,132,'Людмила','лебедь','02-08-1976','1-06-2016','1279','0990685482','-',0,0,'insert','2016-06-01 13:16:35'),(283,132,'Людмила','лебедь','02-08-1976','1-06-2016','1279','0990685482','-',0,0,'update','2016-06-01 13:19:00'),(284,131,'Светлана','квициния','09-10-1981','1-06-2016','1205','0993426462','-',0,0,'update','2016-06-01 13:19:39'),(285,116,'Татьяна','полонская','24-07-1974','29-05-2016','1219','0996599153','-',0,0,'update','2016-06-01 13:20:42'),(286,117,'Елена','мошковська','11-04-1979','29-05-2016','1230','0956991351','-',0,0,'update','2016-06-01 13:21:26'),(287,118,'юрий','адаменко','11-11-1111','29-05-2016','1220','0507225437','-',0,0,'update','2016-06-01 13:21:54'),(288,119,'Денис','нараков','21-01-1992','29-05-2016','1221','0507292637','-',0,0,'update','2016-06-01 13:22:34'),(289,120,'Светлана','беньковская','09-10-1979','29-05-2016','1222','0984701869','-',0,0,'update','2016-06-01 13:23:25'),(290,121,'Сергей','толстой','10-08-1987','29-05-2016','1231','0661034526','-',0,0,'update','2016-06-01 13:25:31'),(291,122,'Лариса','гордиенко','30-01-1970','29-05-2016','1223','0979263177','-',0,0,'update','2016-06-01 13:26:07'),(292,122,'Лариса','гордиенко','30-01-1970','29-05-2016','1223','0979263177','-',745,1,'update','2016-06-01 13:26:51'),(293,123,'Сергей','величко','03-03-1971','29-05-2016','1224','0503961735','-',0,0,'update','2016-06-01 13:27:28'),(294,123,'Сергей','величко','03-03-1971','29-05-2016','1224','0503961735','-',595,1,'update','2016-06-01 13:27:53'),(295,123,'Сергей','величко','03-03-1971','29-05-2016','1224','0503961735','-',1285,2,'update','2016-06-01 13:28:23'),(296,124,'Владимир','кравец','18-01-1979','31-05-2016','1225','0953168405','+',0,0,'update','2016-06-01 13:29:16'),(297,125,'андрей','юркевич','25-03-1969','31-05-2016','1226','0501499375','-',0,0,'update','2016-06-01 13:29:48'),(298,130,'дина','куцык','15-10-1993','1-06-2016','1227','0952245099','+',0,0,'update','2016-06-01 13:30:18'),(299,129,'Майя','полегенько','23-04-1982','1-06-2016','1228','0957350865','+',0,0,'update','2016-06-01 13:30:57'),(300,128,'ольга','худзей','07-07-1981','1-06-2016','1229','0661254282','-',0,0,'update','2016-06-01 13:31:31'),(301,127,'маргарита','тимоховцева','06-06-1991','1-06-2016','1232','0990103337','+',0,0,'update','2016-06-01 13:32:03'),(302,126,'Денис','шевченко','27-07-1998','1-06-2016','1233','0994990474','+',0,0,'update','2016-06-01 13:32:45'),(303,133,'галина','суптеля','04-07-1960','2-06-2016','1207','0950069877','-',0,0,'insert','2016-06-03 03:15:12'),(304,134,'Сергей','карпенко','02-05-1991','2-06-2016','1234','0501766903','-',0,0,'insert','2016-06-03 03:17:22'),(305,135,'дмитрий','пшеничный','28-10-1989','2-06-2016','1235','0989115906','-',0,0,'insert','2016-06-03 03:18:31'),(306,136,'Татьяна','пушко','27-06-1974','2-06-2016','1236','0984166345','-',0,0,'insert','2016-06-03 03:19:21'),(307,137,'Екатерина','давыденко','10-12-2000','2-06-2016','1237','0957741172','-',0,0,'insert','2016-06-03 03:22:35'),(308,138,'таисия','пышная','01-03-77','04-06-2016','1292','0991826079','-',0,0,'insert','2016-06-06 04:31:10'),(309,139,'Сергей','шевяков','31-03-1974','04-06-2016','1291','0953178632','-',0,0,'insert','2016-06-06 04:32:18'),(310,140,'Елена','лисовец','02-06-1977','04-06-2016','1290','0983116365','+',0,0,'insert','2016-06-06 04:39:48'),(311,141,'Татьяна','абрамовская','06-06-1963','04-06-2016','1288','0958788433','-',0,0,'insert','2016-06-06 04:41:30'),(312,142,'Татьяна','баль','07-11-1975','04-06-2016','1289','0506481494','-',0,0,'insert','2016-06-06 04:42:37'),(313,143,'антонина','троцко','21-11-1974','04-06-2016','1287','0502826960','-',0,0,'insert','2016-06-06 04:44:07'),(314,144,'виталий','беляченко','03-09-1966','04-06-2016','1286','0502196378','+',0,0,'insert','2016-06-06 04:45:20'),(315,145,'виталий','бачковский','18-05-1979','04-06-2016','1285','0502831955','-',0,0,'insert','2016-06-06 05:10:40'),(316,146,'Елена','ющенко','29-11-1986','04-06-2016','1252','0662145501','-',0,0,'insert','2016-06-06 05:11:53'),(317,147,'Оксана','ливицька','16-08-1980','04-06-2016','1251','0502213017','-',0,0,'insert','2016-06-06 05:13:32'),(318,148,'алла','ткаченко','23-12-1984','04-06-2016','1250','0952778553','+',0,0,'insert','2016-06-06 05:16:29'),(319,149,'Алексей','кильдеров','17-05-1975','04-06-2016','1283','0660608044','-',0,0,'insert','2016-06-06 05:17:38'),(320,150,'ольга','иова','16-08-1963','04-06-2016','1282','0662058595','+',0,0,'insert','2016-06-06 05:18:37'),(321,151,'Николай','лобанов','11-06-1995','04-06-2016','1281','0507289541','+',0,0,'insert','2016-06-06 05:19:41'),(322,152,'Александр','чумак','10-09-1983','04-06-2016','1280','0956863103','-',0,0,'insert','2016-06-06 05:20:44'),(323,153,'игорь','савчук','7-11-1983','04-06-2016','1238','0509584785','+',0,0,'insert','2016-06-06 05:22:27'),(324,154,'владислав','обушный','23-05-1995','04-06-2016','1239','0969390326','-',0,0,'insert','2016-06-06 05:24:04'),(325,155,'Александр','суворов','03-09-1991','03-06-2016','1203','0501845978','-',0,0,'insert','2016-06-06 05:42:09'),(326,156,'федор','федоренко','04-07-1111','03-06-2016','1270','0991431505','+',0,0,'insert','2016-06-06 05:43:37'),(327,157,'галина','швиденко','21-10-1976','03-06-2016','1284','0506214799','+',0,0,'insert','2016-06-06 05:44:46'),(328,158,'виталий','павлик','26-02-1998','03-06-2016','1255','0660536572','-',0,0,'insert','2016-06-06 05:45:44'),(329,159,'Елена','пантюхова','03-04-2001','03-06-2016','1254','0956853362','-',0,0,'insert','2016-06-06 05:47:22'),(330,160,'Константин','новохилиный','28-11-1986','05-06-2016','1253','0660506005','-',0,0,'insert','2016-06-06 05:49:24'),(331,159,'Елена','пантюхова','03-04-2001','03-06-2016','1254','0956853362','-',0,0,'update','2016-06-06 05:49:55'),(332,158,'виталий','павлик','26-02-1998','03-06-2016','1255','0660536572','-',0,0,'update','2016-06-06 05:50:12'),(333,161,'борис','кеселёв','09-12-1111','05-06-2016','1277','0501395441','-',0,0,'insert','2016-06-06 05:51:58'),(334,162,'Ирина','дегтярь','23-07-1111','05-06-2016','1272','0508034205','+',0,0,'insert','2016-06-06 05:53:01'),(335,163,'Артём','крещенко','31-05-1989','05-06-2016','1278','0500569434','-',0,0,'insert','2016-06-06 05:54:10'),(336,164,'Владимир','сахарчук','29-09-1989','05-06-2016','1271','0668808554','+',0,0,'insert','2016-06-06 05:55:17'),(337,165,'игорь','сердюк','27-01-1951','05-06-2016','1295','0665155800','-',0,0,'insert','2016-06-06 05:56:15'),(338,166,'Наталья','кулик','29-12-1974','05-06-2016','1294','0662294911','-',0,0,'insert','2016-06-06 05:57:13'),(339,167,'Татьяна','рябцева','03-02-1974','05-06-2016','1293','0660774988','-',0,0,'insert','2016-06-06 05:58:26'),(340,134,'Сергей','карпенко','02-05-1991','2-06-2016','1234','0501766903','-',0,0,'update','2016-06-06 06:02:15'),(341,135,'дмитрий','пшеничный','28-10-1989','2-06-2016','1235','0989115906','-',0,0,'update','2016-06-06 06:03:14'),(342,118,'юрий','адаменко','11-11-1111','29-05-2016','1220','0507225437','-',690,1,'update','2016-06-06 06:04:03'),(343,136,'Татьяна','пушко','27-06-1974','2-06-2016','1236','0984166345','-',0,0,'update','2016-06-06 06:04:47'),(344,137,'Екатерина','давыденко','10-12-2000','2-06-2016','1237','0957741172','-',0,0,'update','2016-06-06 06:05:58'),(345,153,'игорь','савчук','7-11-1983','04-06-2016','1238','0509584785','+',0,0,'update','2016-06-06 06:06:32'),(346,154,'владислав','обушный','23-05-1995','04-06-2016','1239','0969390326','-',0,0,'update','2016-06-06 06:07:02'),(347,152,'Александр','чумак','10-09-1983','04-06-2016','1280','0956863103','-',0,0,'update','2016-06-06 06:07:46'),(348,151,'Николай','лобанов','11-06-1995','04-06-2016','1281','0507289541','+',0,0,'update','2016-06-06 06:08:31'),(349,151,'Николай','лобанов','11-06-1995','04-06-2016','1281','0507289541','+',610,1,'update','2016-06-06 06:09:08'),(350,150,'ольга','иова','16-08-1963','04-06-2016','1282','0662058595','+',0,0,'update','2016-06-06 06:09:41'),(351,157,'галина','швиденко','21-10-1976','03-06-2016','1284','0506214799','+',0,0,'update','2016-06-06 06:10:19'),(352,158,'виталий','павлик','26-02-1998','05-06-2016','1255','0660536572','-',0,0,'update','2016-06-06 06:11:01'),(353,144,'виталий','беляченко','03-09-1966','04-06-2016','1286','0502196378','+',0,0,'update','2016-06-06 06:11:43'),(354,143,'антонина','троцко','21-11-1974','04-06-2016','1287','0502826960','-',0,0,'update','2016-06-06 06:12:14'),(355,142,'Татьяна','баль','07-11-1975','04-06-2016','1289','0506481494','-',0,0,'update','2016-06-06 06:12:46'),(356,141,'Татьяна','абрамовская','06-06-1963','04-06-2016','1288','0958788433','-',0,0,'update','2016-06-06 06:13:18'),(357,140,'Елена','лисовец','02-06-1977','04-06-2016','1290','0983116365','+',0,0,'update','2016-06-06 06:13:59'),(358,139,'Сергей','шевяков','31-03-1974','04-06-2016','1291','0953178632','-',0,0,'update','2016-06-06 06:14:38'),(359,138,'таисия','пышная','01-03-77','04-06-2016','1292','0991826079','-',0,0,'update','2016-06-06 06:15:22'),(360,138,'таисия','пышная','01-03-77','04-06-2016','1292','0991826079','-',545,1,'update','2016-06-06 06:16:02'),(361,124,'Владимир','кравец','18-01-1979','31-05-2016','1225','0953168405','+',555,1,'update','2016-06-06 06:17:00'),(362,167,'Татьяна','рябцева','03-02-1974','05-06-2016','1293','0660774988','-',0,0,'update','2016-06-06 06:17:40'),(363,167,'Татьяна','рябцева','03-02-1974','05-06-2016','1293','0660774988','-',650,1,'update','2016-06-06 06:18:15'),(364,166,'Наталья','кулик','29-12-1974','05-06-2016','1294','0662294911','-',0,0,'update','2016-06-06 06:18:55'),(365,165,'игорь','сердюк','27-01-1951','05-06-2016','1295','0665155800','-',0,0,'update','2016-06-06 06:19:37'),(366,148,'алла','ткаченко','23-12-1984','04-06-2016','1250','0952778553','+',0,0,'update','2016-06-06 06:20:57'),(367,147,'Оксана','ливицька','16-08-1980','04-06-2016','1251','0502213017','-',0,0,'update','2016-06-06 06:21:30'),(368,160,'Константин','новохилиный','28-11-1986','05-06-2016','1253','0660506005','-',0,0,'update','2016-06-06 06:22:15'),(369,159,'Елена','пантюхова','03-04-2001','05-06-2016','1254','0956853362','-',0,0,'update','2016-06-06 06:22:54'),(370,158,'виталий','павлик','26-02-1998','05-06-2016','1255','0660536572','-',815,1,'update','2016-06-06 06:23:29'),(371,133,'галина','суптеля','04-07-1960','2-06-2016','1207','0950069877','-',0,0,'update','2016-06-06 06:24:46'),(372,153,'игорь','савчук','7-11-1983','04-06-2016','1238','0509584785','+',615,1,'update','2016-06-06 06:30:58'),(373,154,'владислав','обушный','23-05-1995','04-06-2016','1239','0969390326','-',795,1,'update','2016-06-06 06:31:57'),(374,152,'Александр','чумак','10-09-1983','04-06-2016','1280','0956863103','-',720,1,'update','2016-06-06 06:32:37'),(375,151,'Николай','лобанов','11-06-1995','04-06-2016','1281','0507289541','+',1200,2,'update','2016-06-06 06:33:58'),(376,150,'ольга','иова','16-08-1963','04-06-2016','1282','0662058595','+',615,1,'update','2016-06-06 06:34:37'),(377,155,'Александр','суворов','03-09-1991','03-06-2016','1203','0501845978','-',0,0,'update','2016-06-06 06:36:21'),(378,149,'Алексей','кильдеров','17-05-1975','04-06-2016','1283','0660608044','-',0,0,'update','2016-06-06 06:37:00'),(379,156,'федор','федоренко','04-07-1111','03-06-2016','1270','0991431505','+',0,0,'update','2016-06-06 06:37:32'),(380,163,'Артём','крещенко','31-05-1989','05-06-2016','1278','0500569434','-',0,0,'update','2016-06-06 06:38:16'),(381,164,'Владимир','сахарчук','29-09-1989','05-06-2016','1271','0668808554','+',0,0,'update','2016-06-06 06:38:52'),(382,146,'Елена','ющенко','29-11-1986','04-06-2016','1252','0662145501','-',0,0,'update','2016-06-06 06:53:46'),(383,146,'Елена','ющенко','29-11-1986','04-06-2016','1252','0662145501','-',620,1,'update','2016-06-06 06:54:35'),(384,162,'Ирина','дегтярь','23-07-1111','05-06-2016','1272','0508034205','+',0,0,'update','2016-06-06 06:55:45'),(385,161,'борис','кеселёв','09-12-1111','05-06-2016','1277','0501395441','-',0,0,'update','2016-06-06 06:56:24'),(386,168,'Александр','калинин','23-10-1995','8-06-2016','1297','0998788279','-',0,0,'insert','2016-06-08 13:05:26'),(387,169,'андрей','шичанин','28-04-1956','8-06-2016','1296','0504444736','+',0,0,'insert','2016-06-08 13:06:31'),(388,170,'Александр','курильченко','27-11-1979','8-06-2016','1256','0997679930','+',0,0,'insert','2016-06-08 13:07:35'),(389,169,'андрей','шичанин','28-04-1956','8-06-2016','1296','0504444736','+',0,0,'update','2016-06-08 13:08:17'),(390,168,'Александр','калинин','23-10-1995','8-06-2016','1297','0998788279','-',0,0,'update','2016-06-08 13:08:55'),(391,170,'Александр','курильченко','27-11-1979','8-06-2016','1256','0997679930','+',0,0,'update','2016-06-08 13:09:42'),(392,171,'Владимир','орешко','10-12-1993','09-06-2016','1257','0953645503','-',0,0,'insert','2016-06-10 06:13:03'),(393,172,'андрей','таран','26-06-1991','09-06-2016','1310','0991630595','+',0,0,'insert','2016-06-10 06:14:07'),(394,173,'Артём','боков','13-03-1994','09-06-2016','1299','0661959164','-',0,0,'insert','2016-06-10 06:15:11'),(395,174,'Владимир','шпилевой','02-05-2003','09-06-2016','1298','0502702588','-',0,0,'insert','2016-06-10 06:16:19'),(396,175,'ольга','мищенко','1-05-1983','09-06-2016','1276','0953183190','-',0,0,'insert','2016-06-10 06:17:26'),(397,176,'Владимир','радченко','30-08-1963','10-06-2016','1311','0666026734','-',0,0,'insert','2016-06-10 14:29:37'),(398,177,'дмитрий','птицын','23-07-1987','10-06-2016','1258','0668868901','-',0,0,'insert','2016-06-10 14:30:53'),(399,174,'Владимир','шпилевой','02-05-2003','09-06-2016','1298','0502702588','-',0,0,'update','2016-06-10 14:32:44'),(400,173,'Артём','боков','13-03-1994','09-06-2016','1299','0661959164','-',0,0,'update','2016-06-10 14:33:16'),(401,172,'андрей','таран','26-06-1991','09-06-2016','1310','0991630595','+',0,0,'update','2016-06-10 14:33:48'),(402,176,'Владимир','радченко','30-08-1963','10-06-2016','1311','0666026734','-',0,0,'update','2016-06-10 14:34:28'),(403,171,'Владимир','орешко','10-12-1993','09-06-2016','1257','0953645503','-',0,0,'update','2016-06-10 14:35:10'),(404,177,'дмитрий','птицын','23-07-1987','10-06-2016','1258','0668868901','-',0,0,'update','2016-06-10 14:35:45'),(405,175,'ольга','мищенко','1-05-1983','09-06-2016','1276','0953183190','-',0,0,'update','2016-06-10 14:36:56'),(406,178,'айше','сейталиева','30-03-1987','11-06-2016','1316','0957774502','+',0,0,'insert','2016-06-14 06:29:41'),(407,179,'Сергей','шкута','10-01-1985','11-06-2016','1313','0508079158','+',0,0,'insert','2016-06-14 06:30:38'),(408,180,'Наталья','ясковец','01-03-1962','10-06-2016','1312','0500366117','-',0,0,'insert','2016-06-14 06:31:47'),(409,181,'юрий','мулик','17-11-1984','11-06-2016','1315','0671841376','-',0,0,'insert','2016-06-14 06:32:42'),(410,182,'Наталья','шовковая','19-08-1970','11-06-2016','1314','0509272528','-',0,0,'insert','2016-06-14 06:33:47'),(411,183,'Юлия','скурикина','08-11-1982','11-06-2016','1303','0636424722','+',0,0,'insert','2016-06-14 06:34:59'),(412,184,'Татьяна','покотыло','16-05-1111','11-06-2016','1302','0954922956','-',0,0,'insert','2016-06-14 06:38:39'),(413,185,'Сергей','кобзаренко','22-06-1111','11-06-2016','1301','0507454349','-',0,0,'insert','2016-06-14 06:39:44'),(414,186,'виталий','манерский','07-11-1987','11-06-2016','1300','0952183659','+',0,0,'insert','2016-06-14 06:41:24'),(415,187,'Сергей','кучеренко','16-09-1969','11-06-2016','1273','0506386024','-',0,0,'insert','2016-06-14 06:42:37'),(416,188,'Александр','кудас','14-07-1994','11-06-2016','1275','0951658449','-',0,0,'insert','2016-06-14 06:44:33'),(417,189,'Иван','кузьменко','30-05-1991','11-06-2016','1274','0661113324','-',0,0,'insert','2016-06-14 06:45:25'),(418,190,'Юлия','зелинская','16-04-1990','12-06-2016','1321','0986544401','+',0,0,'insert','2016-06-14 06:46:32'),(419,191,'Ирина','божко','28-07-1978','12-06-2016','1320','0508737396','-',0,0,'insert','2016-06-14 06:47:22'),(420,192,'радомир','шестерняк','25-01-1994','12-06-2016','1317','0951615104','+',0,0,'insert','2016-06-14 06:49:01'),(421,193,'Наталья','троян','02-07-1978','12-06-2016','1318','0963852235','-',0,0,'insert','2016-06-14 06:49:57'),(422,194,'фириддин','шалимов','01-08-1978','12-06-2016','1319','0997773402','-',0,0,'insert','2016-06-14 06:51:20'),(423,195,'Владимир','Калинин','03-07-1967','12-06-2016','1262','0962271315','-',0,0,'insert','2016-06-14 06:52:53'),(424,196,'пётр','грек','11-11-1111','12-06-2016','1261','0504422054','-',0,0,'insert','2016-06-14 06:54:02'),(425,197,'юрий','килевой','21-04-1975','12-06-2016','1260','0955538574','-',0,0,'insert','2016-06-14 06:55:11'),(426,198,'Николай','малыш','24-11-1985','12-06-2016','1259','0955705880','-',0,0,'insert','2016-06-14 06:56:46'),(427,199,'Елена','андрос','21-02-1967','12-06-2016','1305','0505525781','-',0,0,'insert','2016-06-14 06:58:13'),(428,200,'Владимир','ярошенко','23-11-1963','12-06-2016','1304','0506681807','-',0,0,'insert','2016-06-14 06:59:14'),(429,201,'анатолий','мельниченко','19-07-1963','14-06-2016','1326','0662165790','-',0,0,'insert','2016-06-15 10:23:11'),(430,202,'юрий','василенко','01-01-1963','14-06-2016','1329','0675560833','+',0,0,'insert','2016-06-15 10:24:20'),(431,203,'витта','ступанова','18-07-1111','14-06-2016','1327','0993368837','-',0,0,'insert','2016-06-15 10:26:29'),(432,204,'Ирина','барановская','13-01-1975','14-06-2016','1325','0663760502','-',0,0,'insert','2016-06-15 10:27:35'),(433,205,'Светлана','терёхина','04-08-1982','14-06-2016','1323','0974740206','+',0,0,'insert','2016-06-15 10:28:55'),(434,206,'Александр','чиненый','27-11-1993','14-06-2016','1309','0506588502','-',0,0,'insert','2016-06-15 10:30:03'),(435,188,'Александр','кудас','14-07-1994','11-06-2016','1275','0951658449','-',0,0,'update','2016-06-15 10:32:36'),(436,189,'Иван','кузьменко','30-05-1991','11-06-2016','1274','0661113324','-',0,0,'update','2016-06-15 10:33:17'),(437,187,'Сергей','кучеренко','16-09-1969','11-06-2016','1273','0506386024','-',0,0,'update','2016-06-15 10:33:56'),(438,186,'виталий','манерский','07-11-1987','11-06-2016','1300','0952183659','+',0,0,'update','2016-06-15 10:34:34'),(439,185,'Сергей','кобзаренко','22-06-1111','11-06-2016','1301','0507454349','-',0,0,'update','2016-06-15 10:35:16'),(440,184,'Татьяна','покотыло','16-05-1111','11-06-2016','1302','0954922956','-',0,0,'update','2016-06-15 10:36:03'),(441,183,'Юлия','скурикина','08-11-1982','11-06-2016','1303','0636424722','+',0,0,'update','2016-06-15 10:36:36'),(442,200,'Владимир','ярошенко','23-11-1963','12-06-2016','1304','0506681807','-',0,0,'update','2016-06-15 10:37:06'),(443,206,'Александр','чиненый','27-11-1993','14-06-2016','1309','0506588502','-',0,0,'update','2016-06-15 10:38:17'),(444,207,'Александр','лозицкий','28-11-1999','15-06-2016','1306','0505856695','-',0,0,'insert','2016-06-15 10:42:13'),(445,208,'Наталья','филюк','06-05-1982','15-06-2016','1328','0664885484','-',0,0,'insert','2016-06-15 10:43:29'),(446,209,'Надежда','щербак','21-03-1977','15-06-2016','1324','0953597610','-',0,0,'insert','2016-06-15 10:45:17'),(447,210,'Елена','будько','15-10-1986','15-06-2016','1322','0666068409','-',0,0,'insert','2016-06-15 10:47:06'),(448,198,'Николай','малыш','24-11-1985','12-06-2016','1259','0955705880','-',0,0,'update','2016-06-15 10:49:28'),(449,197,'юрий','килевой','21-04-1975','12-06-2016','1260','0955538574','-',0,0,'update','2016-06-15 10:50:06'),(450,196,'пётр','грек','11-11-1111','12-06-2016','1261','0504422054','-',0,0,'update','2016-06-15 10:51:29'),(451,195,'Владимир','Калинин','03-07-1967','12-06-2016','1262','0962271315','-',0,0,'update','2016-06-15 10:52:00'),(452,180,'Наталья','ясковец','01-03-1962','10-06-2016','1312','0500366117','-',0,0,'update','2016-06-15 10:53:33'),(453,179,'Сергей','шкута','10-01-1985','11-06-2016','1313','0508079158','+',0,0,'update','2016-06-15 10:54:15'),(454,182,'Наталья','шовковая','19-08-1970','11-06-2016','1314','0509272528','-',0,0,'update','2016-06-15 10:55:00'),(455,181,'юрий','мулик','17-11-1984','11-06-2016','1315','0671841376','-',0,0,'update','2016-06-15 10:55:28'),(456,178,'айше','сейталиева','30-03-1987','11-06-2016','1316','0957774502','+',0,0,'update','2016-06-15 10:55:55'),(457,182,'Наталья','шовковая','19-08-1970','11-06-2016','1314','0509272528','-',545,1,'update','2016-06-15 10:57:21'),(458,67,'Александр','савчук','22-02-1961','22-05-2016','1177','0506438665','-',650,1,'update','2016-06-15 10:58:05'),(459,192,'радомир','шестерняк','25-01-1994','12-06-2016','1317','0951615104','+',0,0,'update','2016-06-15 10:58:43'),(460,193,'Наталья','троян','02-07-1978','12-06-2016','1318','0963852235','-',0,0,'update','2016-06-15 10:59:25'),(461,194,'фириддин','шалимов','01-08-1978','12-06-2016','1319','0997773402','-',0,0,'update','2016-06-15 11:00:04'),(462,191,'Ирина','божко','28-07-1978','12-06-2016','1320','0508737396','-',0,0,'update','2016-06-15 11:00:44'),(463,190,'Юлия','зелинская','16-04-1990','12-06-2016','1321','0986544401','+',0,0,'update','2016-06-15 11:01:19'),(464,205,'Светлана','терёхина','04-08-1982','14-06-2016','1323','0974740206','+',0,0,'update','2016-06-15 11:02:17'),(465,204,'Ирина','барановская','13-01-1975','14-06-2016','1325','0663760502','-',0,0,'update','2016-06-15 11:02:52'),(466,203,'витта','ступанова','18-07-1111','14-06-2016','1327','0993368837','-',0,0,'update','2016-06-15 11:03:24'),(467,202,'юрий','василенко','01-01-1963','14-06-2016','1329','0675560833','+',0,0,'update','2016-06-15 11:04:04'),(468,201,'анатолий','мельниченко','19-07-1963','14-06-2016','1326','0662165790','-',0,0,'update','2016-06-15 11:04:34'),(469,210,'Елена','будько','15-10-1986','15-06-2016','1322','0666068409','-',0,0,'update','2016-06-15 11:05:36'),(470,209,'Надежда','щербак','21-03-1977','15-06-2016','1324','0953597610','-',0,0,'update','2016-06-15 11:06:19'),(471,208,'Наталья','филюк','06-05-1982','15-06-2016','1328','0664885484','-',0,0,'update','2016-06-15 11:07:41'),(472,207,'Александр','лозицкий','28-11-1999','15-06-2016','1306','0505856695','-',0,0,'update','2016-06-15 11:08:10'),(473,210,'Елена','будько','15-10-1986','15-06-2016','1322','0666068409','-',630,1,'update','2016-06-18 04:10:46'),(474,209,'Надежда','щербак','21-03-1977','15-06-2016','1324','0953597610','-',890,1,'update','2016-06-18 04:10:46'),(475,208,'Наталья','филюк','06-05-1982','15-06-2016','1328','0664885484','-',555,1,'update','2016-06-18 04:10:46'),(476,207,'Александр','лозицкий','28-11-1999','15-06-2016','1306','0505856695','-',795,1,'update','2016-06-18 04:10:47'),(477,206,'Александр','чиненый','27-11-1993','14-06-2016','1309','0506588502','-',720,1,'update','2016-06-18 04:10:47'),(478,205,'Светлана','терёхина','04-08-1982','14-06-2016','1323','0974740206','+',535,1,'update','2016-06-18 04:10:47'),(479,204,'Ирина','барановская','13-01-1975','14-06-2016','1325','0663760502','-',525,1,'update','2016-06-18 04:10:48'),(480,1,'Ирина','Чирка','21-06-1988','13-05-2016','1111','0956928190','-',1210,2,'update','2016-06-18 05:07:41'),(481,1,'Ирин','Чирка','21-06-1988','13-05-2016','1111','0956928190','-',1210,2,'update','2016-06-18 05:07:50'),(482,51,'Наталья','однолько','11-11-1111','22-05-2016','1132','0663773955','-',1085,2,'update','2016-06-18 05:08:13'),(483,203,'витта','ступанова','18-07-1111','14-06-2016','1327','0993368837','-',650,1,'update','2016-06-18 05:08:27'),(484,202,'юрий','василенко','01-01-1963','14-06-2016','1329','0675560833','+',630,1,'update','2016-06-18 05:08:43'),(485,201,'анатолий','мельниченко','19-07-1963','14-06-2016','1326','0662165790','-',650,1,'update','2016-06-18 05:08:51'),(486,200,'Владимир','ярошенко','23-11-1963','12-06-2016','1304','0506681807','-',615,1,'update','2016-06-18 05:09:03'),(487,197,'юрий','килевой','21-04-1975','12-06-2016','1260','0955538574','-',720,1,'update','2016-06-18 05:09:16'),(488,181,'юрий','мулик','17-11-1984','11-06-2016','1315','0671841376','-',650,1,'update','2016-06-18 05:09:24'),(489,58,'данил','цемашко','18-05-1111','22-05-2016','1135','0993698229','-',0,0,'update','2016-06-19 04:33:06'),(490,199,'Елена','андрос','21-02-1967','12-06-2016','1305','0505525781','-',0,0,'update','2016-06-19 04:33:25'),(491,44,'Александр','поздняк','11-11-1111','21-05-2016','1164','0991111111','-',650,1,'update','2016-06-19 04:33:39'),(492,52,'виталий','пополоренко','17-07-1971','22-05-2016','1133','0977415358','-',690,1,'update','2016-06-19 04:33:49'),(493,53,'Елена','непомнящая','07-01-1984','22-05-2016','1134','0667821768','-',650,1,'update','2016-06-19 04:34:05'),(494,54,'сн','козуб','04-08-1963','22-05-2016','1138','0952212641','-',615,1,'update','2016-06-19 04:34:15'),(495,55,'игорь','эберт','27-10-1987','22-05-2016','1137','0993310135','+',615,1,'update','2016-06-19 04:34:24'),(496,54,'Сн','Козуб','04-08-1963','22-05-2016','1138','0952212641','-',615,1,'update','2016-06-19 04:34:35'),(497,56,'кирилл','лазарев','23-05-2000','22-05-2016','1136','0664665457','+',575,1,'update','2016-06-19 04:34:43'),(498,57,'дмитрий','михальенко','01-10-1988','22-05-2016','1201','0992312261','-',555,1,'update','2016-06-19 04:34:52'),(499,59,'Елена','кириченко','03-03-1981','22-05-2016','1200','0665847925','-',555,1,'update','2016-06-19 04:35:02'),(500,60,'Виктория','афанасьева','19-07-1970','22-05-2016','1174','0951999074','-',890,1,'update','2016-06-19 04:35:15'),(501,61,'Иван','гнатюк','11-11-1111','22-05-2016','1179','0667873797','-',650,1,'update','2016-06-19 04:35:25'),(502,62,'михаил','трапезников','11-11-1111','22-05-2016','1172','0660241954','-',575,1,'update','2016-06-19 04:35:32'),(503,63,'анжела','пенжанина','05-07-1969','22-05-2016','1171','0951945239','-',1800,3,'update','2016-06-19 04:35:40'),(504,64,'Елена','гармаш','20-06-1966','22-05-2016','1173','0951430014','-',555,1,'update','2016-06-19 04:35:49'),(505,65,'Оксана','ковалёва','11-11-1111','22-05-2016','1175','0660134506','-',595,1,'update','2016-06-19 04:35:56'),(506,66,'анна','гамчук','16-04-1979','22-05-2016','1176','0955385024','-',1340,2,'update','2016-06-19 04:36:08'),(507,67,'Александр','савчук','22-02-1961','22-05-2016','1177','0506438665','-',1350,2,'update','2016-06-19 04:36:16'),(508,68,'Александр','жарий','03-11-1985','22-05-2016','1178','0663506490','-',620,1,'update','2016-06-19 04:36:31'),(509,69,'валентин','станкович','23-07-1990','22-05-2016','1180','0955706916','-',545,1,'update','2016-06-19 04:36:46'),(510,70,'Виктор','ноженко','03-06-1993','22-05-2016','1190','0951754414','+',1335,2,'update','2016-06-19 04:36:56'),(511,71,'Татьяна','черней','12-10-1976','22-05-2016','1191','0951602960','-',615,1,'update','2016-06-19 04:37:06'),(512,72,'игорь','смоляр','30-07-1969','22-05-2016','1192','0957189699','-',630,1,'update','2016-06-19 04:37:33'),(513,74,'анастасия','анастасенко','26-03-1996','22-05-2016','1194','0951005749','-',595,1,'update','2016-06-19 04:37:46'),(514,73,'Наталия','лях','28-10-1975','22-05-2016','1193','0958780755','+',1210,2,'update','2016-06-19 04:37:54'),(515,75,'виталия','басова','28-12-1981','22-05-2016','1127','0956779152','+',595,1,'update','2016-06-19 04:38:17'),(516,76,'любовь','скороход','26-08-1970','22-05-2016','1128','0954785725','-',605,1,'update','2016-06-19 04:38:33'),(517,77,'Иван','санин','27-10-1989','22-05-2016','1240','0996116958','-',800,1,'update','2016-06-19 04:38:45'),(518,78,'Сергей','гришковский','29-06-1975','22-05-2016','1241','0954886320','-',595,1,'update','2016-06-19 04:39:03'),(519,79,'игорь','мазурик','18-06-1991','22-05-2016','1242','0666171234','-',555,1,'update','2016-06-19 04:39:23'),(520,80,'Денис','баринов','01-01-1986','22-05-2016','1243','0677577811','+',1255,2,'update','2016-06-19 04:43:45'),(521,81,'Александр','заворитный','11-11-1111','22-05-2016','1195','0685611203','-',720,1,'update','2016-06-19 04:43:46'),(522,82,'Владимир','баранов','07-05-1963','22-05-2016','1196','0660001011','+',750,1,'update','2016-06-19 04:43:46'),(523,83,'Александр','ховруков','03-05-1971','24-05-2016','1202','0995052989','-',1240,2,'update','2016-06-19 04:43:46'),(524,84,'виталий','веровский','04-06-1965','24-05-2016','1209','0992907716','-',595,1,'update','2016-06-19 04:43:46'),(525,85,'Алёна','тохтай','28-05-1999','21-05-2016','1139','0509267921','-',650,1,'update','2016-06-19 04:43:47'),(526,86,'олег','сорокин','18-01-1111','22-05-2016','1208','0985886190','-',720,1,'update','2016-06-19 04:43:47'),(527,87,'Оксана','березанская','02-10-1979','24-05-2016','1197','0980598838','-',1375,2,'update','2016-06-19 04:43:47'),(528,88,'Татьяна','горовая','22-11-1987','24-05-2016','1198','0665909287','-',620,1,'update','2016-06-19 04:43:48'),(529,89,'Наталья','емельянова','18-04-1979','24-05-2016','1199','0985885536','-',365,1,'update','2016-06-19 04:43:48'),(530,90,'Алёна','юшко','07-01-1982','24-05-2016','1181','0978784861','-',630,1,'update','2016-06-19 04:43:48'),(531,91,'Владимир','петух','22-06-1984','24-05-2016','1182','0990347898','+',555,1,'update','2016-06-19 04:43:48'),(532,92,'алина','козлова','04-12-1979','24-05-2016','1183','0991061250','-',785,1,'update','2016-06-19 04:43:49'),(533,93,'галина','марцинкевич','17-04-1956','24-05-2016','1184','0991111111','-',625,1,'update','2016-06-19 04:43:49'),(534,94,'евгений','романович','19-12-2000','24-05-2016','1244','0500378701','-',650,1,'update','2016-06-19 04:43:50'),(535,95,'валентина','чабанова','03-07-1964','25-05-2016','1185','0999753234','+',1490,2,'update','2016-06-19 04:43:50'),(536,96,'Ирина','рожко','13-06-1970','25-05-2016','1186','0509790357','-',2440,4,'update','2016-06-19 04:43:50'),(537,97,'маргарита','данилова','14-12-1983','25-05-2016','1187','0990402265','+',565,1,'update','2016-06-19 04:43:51'),(538,98,'мурат','халимов','10-08-1968','25-05-2016','1188','0506643079','+',615,1,'update','2016-06-19 04:43:51'),(539,99,'Светлана','матвийчук','23-04-1976','25-05-2016','1245','0993666176','-',590,1,'update','2016-06-19 04:43:51'),(540,100,'валерия','маленькая','12-02-1999','26-05-2016','1189','0506181071','-',750,1,'update','2016-06-19 04:43:51'),(541,101,'Александр','редан','27-05-1111','26-05-2016','1206','0956481534','-',720,1,'update','2016-06-19 04:43:52'),(542,102,'Николай','куча','05-11-1998','26-05-2016','1210','0997944909','+',605,1,'update','2016-06-19 04:43:52'),(543,103,'Надежда','ревенко','15-11-1968','27-05-2016','1211','0995392534','+',1980,3,'update','2016-06-19 04:43:52'),(544,104,'Наталья','младзиевская','08-08-1969','27-05-2016','1212','0956807189','+',565,1,'update','2016-06-19 04:43:53'),(545,105,'Александр','бийчук','27-05-1996','27-05-2016','1213','0951463798','-',555,1,'update','2016-06-19 04:43:53'),(546,106,'Сергей','жерковский','31-03-1988','27-05-2016','1246','0954201282','-',615,1,'update','2016-06-19 04:43:53'),(547,107,'валентин','черкесов','01-01-1111','28-05-2016','1204','0509565836','-',1245,2,'update','2016-06-19 04:43:53'),(548,108,'Владимир','буритко','27-05-1953','28-05-2016','1247','0957176575','-',650,1,'update','2016-06-19 04:43:54'),(549,109,'Оксана','гаврилёк','09-01-1972','28-05-2016','1248','0951986120','-',650,1,'update','2016-06-19 04:43:54'),(550,110,'игорь','люлько','22-05-1976','28-05-2016','1249','0668009893','-',640,1,'update','2016-06-19 04:43:54'),(551,111,'Елена','пуховець','02-03-1972','27-05-2016','1214','0668720667','+',840,1,'update','2016-06-19 04:49:31'),(552,112,'лилия','даниленко','16-05-1965','28-05-2016','1215','0964999484','-',640,1,'update','2016-06-19 04:49:31'),(553,113,'Александр','остапенко','17-05-1958','28-05-2016','1216','0956980739','-',835,1,'update','2016-06-19 04:49:31'),(554,114,'валентина','кириченко','01-02-1975','28-05-2016','1217','0502009190','-',795,1,'update','2016-06-19 04:49:31'),(555,115,'Инна','черненко','31-01-1995','28-05-2016','1218','0991503509','-',1360,2,'update','2016-06-19 04:49:32'),(556,116,'Татьяна','полонская','24-07-1974','29-05-2016','1219','0996599153','-',650,1,'update','2016-06-19 04:49:32'),(557,117,'Елена','мошковська','11-04-1979','29-05-2016','1230','0956991351','-',640,1,'update','2016-06-19 04:49:32'),(558,118,'юрий','адаменко','11-11-1111','29-05-2016','1220','0507225437','-',1435,2,'update','2016-06-19 04:49:33'),(559,119,'Денис','нараков','21-01-1992','29-05-2016','1221','0507292637','-',630,1,'update','2016-06-19 04:49:33'),(560,120,'Светлана','беньковская','09-10-1979','29-05-2016','1222','0984701869','-',500,1,'update','2016-06-19 04:49:33'),(561,121,'Сергей','толстой','10-08-1987','29-05-2016','1231','0661034526','-',520,1,'update','2016-06-19 04:49:33'),(562,122,'Лариса','гордиенко','30-01-1970','29-05-2016','1223','0979263177','-',1270,2,'update','2016-06-19 04:49:34'),(563,123,'Сергей','величко','03-03-1971','29-05-2016','1224','0503961735','-',1935,3,'update','2016-06-19 04:49:34'),(564,124,'Владимир','кравец','18-01-1979','31-05-2016','1225','0953168405','+',0,0,'update','2016-06-19 04:49:34'),(565,125,'андрей','юркевич','25-03-1969','31-05-2016','1226','0501499375','-',650,1,'update','2016-06-19 04:49:35'),(566,126,'Денис','шевченко','27-07-1998','1-06-2016','1233','0994990474','+',650,1,'update','2016-06-19 04:49:35'),(567,127,'маргарита','тимоховцева','06-06-1991','1-06-2016','1232','0990103337','+',660,1,'update','2016-06-19 04:49:35'),(568,128,'ольга','худзей','07-07-1981','1-06-2016','1229','0661254282','-',500,1,'update','2016-06-19 04:49:35'),(569,129,'Майя','полегенько','23-04-1982','1-06-2016','1228','0957350865','+',565,1,'update','2016-06-19 04:49:36'),(570,130,'дина','куцык','15-10-1993','1-06-2016','1227','0952245099','+',615,1,'update','2016-06-19 04:49:36'),(571,131,'Светлана','квициния','09-10-1981','1-06-2016','1205','0993426462','-',605,1,'update','2016-06-19 04:49:36'),(572,132,'Людмила','лебедь','02-08-1976','1-06-2016','1279','0990685482','-',630,1,'update','2016-06-19 04:49:37'),(573,133,'галина','суптеля','04-07-1960','2-06-2016','1207','0950069877','-',1100,1,'update','2016-06-19 04:49:37'),(574,134,'Сергей','карпенко','02-05-1991','2-06-2016','1234','0501766903','-',520,1,'update','2016-06-19 04:49:37'),(575,135,'дмитрий','пшеничный','28-10-1989','2-06-2016','1235','0989115906','-',650,1,'update','2016-06-19 04:49:37'),(576,136,'Татьяна','пушко','27-06-1974','2-06-2016','1236','0984166345','-',615,1,'update','2016-06-19 04:49:38'),(577,137,'Екатерина','давыденко','10-12-2000','2-06-2016','1237','0957741172','-',520,1,'update','2016-06-19 04:49:38'),(578,138,'таисия','пышная','01-03-77','04-06-2016','1292','0991826079','-',1460,2,'update','2016-06-19 04:49:38'),(579,139,'Сергей','шевяков','31-03-1974','04-06-2016','1291','0953178632','-',520,1,'update','2016-06-19 04:49:39'),(580,140,'Елена','лисовец','02-06-1977','04-06-2016','1290','0983116365','+',370,1,'update','2016-06-19 04:49:39'),(581,141,'Татьяна','абрамовская','06-06-1963','04-06-2016','1288','0958788433','-',545,1,'update','2016-06-19 04:49:39'),(582,142,'Татьяна','баль','07-11-1975','04-06-2016','1289','0506481494','-',250,1,'update','2016-06-19 04:49:40'),(583,143,'антонина','троцко','21-11-1974','04-06-2016','1287','0502826960','-',720,1,'update','2016-06-19 04:49:40'),(584,144,'виталий','беляченко','03-09-1966','04-06-2016','1286','0502196378','+',690,1,'update','2016-06-19 04:49:40'),(585,145,'виталий','бачковский','18-05-1979','04-06-2016','1285','0502831955','-',0,0,'update','2016-06-19 04:49:40'),(586,146,'Елена','ющенко','29-11-1986','04-06-2016','1252','0662145501','-',1120,2,'update','2016-06-19 04:49:41'),(587,147,'Оксана','ливицька','16-08-1980','04-06-2016','1251','0502213017','-',555,1,'update','2016-06-19 04:49:41'),(588,148,'алла','ткаченко','23-12-1984','04-06-2016','1250','0952778553','+',595,1,'update','2016-06-19 04:49:41'),(589,149,'Алексей','кильдеров','17-05-1975','04-06-2016','1283','0660608044','-',555,1,'update','2016-06-19 04:49:42'),(590,150,'ольга','иова','16-08-1963','03-06-2016','1282','0662058595','+',615,1,'update','2016-06-19 04:49:42'),(591,151,'Николай','лобанов','11-06-1995','03-06-2016','1281','0507289541','+',1200,2,'update','2016-06-19 04:49:42'),(592,152,'Александр','чумак','10-09-1983','04-06-2016','1280','0956863103','-',720,1,'update','2016-06-19 04:49:42'),(593,153,'игорь','савчук','7-11-1983','03-06-2016','1238','0509584785','+',615,1,'update','2016-06-19 04:49:43'),(594,154,'владислав','обушный','23-05-1995','03-06-2016','1239','0969390326','-',795,1,'update','2016-06-19 04:49:43'),(595,155,'Александр','суворов','03-09-1991','03-06-2016','1203','0501845978','-',720,1,'update','2016-06-19 04:49:43'),(596,156,'федор','федоренко','04-07-1111','03-06-2016','1270','0991431505','+',720,1,'update','2016-06-19 04:49:44'),(597,157,'галина','швиденко','21-10-1976','03-06-2016','1284','0506214799','+',595,1,'update','2016-06-19 04:49:44'),(598,158,'виталий','павлик','26-02-1998','05-06-2016','1255','0660536572','-',1370,2,'update','2016-06-19 04:49:44'),(599,159,'Елена','пантюхова','03-04-2001','05-06-2016','1254','0956853362','-',690,1,'update','2016-06-19 04:49:44'),(600,160,'Константин','новохилиный','28-11-1986','05-06-2016','1253','0660506005','-',605,1,'update','2016-06-19 04:49:45'),(601,161,'борис','кеселёв','09-12-1111','05-06-2016','1277','0501395441','-',615,1,'update','2016-06-19 04:49:45'),(602,162,'Ирина','дегтярь','23-07-1111','05-06-2016','1272','0508034205','+',520,1,'update','2016-06-19 04:49:45'),(603,163,'Артём','крещенко','31-05-1989','05-06-2016','1278','0500569434','-',690,1,'update','2016-06-19 04:49:46'),(604,164,'Владимир','сахарчук','29-09-1989','05-06-2016','1271','0668808554','+',800,1,'update','2016-06-19 04:49:46'),(605,165,'игорь','сердюк','27-01-1951','05-06-2016','1295','0665155800','-',595,1,'update','2016-06-19 04:49:46'),(606,166,'Наталья','кулик','29-12-1974','05-06-2016','1294','0662294911','-',890,1,'update','2016-06-19 04:49:46'),(607,167,'Татьяна','рябцева','03-02-1974','05-06-2016','1293','0660774988','-',1435,2,'update','2016-06-19 04:49:47'),(608,168,'Александр','калинин','23-10-1995','8-06-2016','1297','0998788279','-',815,1,'update','2016-06-19 04:49:47'),(609,169,'андрей','шичанин','28-04-1956','8-06-2016','1296','0504444736','+',595,1,'update','2016-06-19 04:49:47'),(610,170,'Александр','курильченко','27-11-1979','8-06-2016','1256','0997679930','+',615,1,'update','2016-06-19 04:49:48'),(611,171,'Владимир','орешко','10-12-1993','09-06-2016','1257','0953645503','-',720,1,'update','2016-06-19 04:49:48'),(612,172,'андрей','таран','26-06-1991','09-06-2016','1310','0991630595','+',630,1,'update','2016-06-19 04:49:48'),(613,173,'Артём','боков','13-03-1994','09-06-2016','1299','0661959164','-',795,1,'update','2016-06-19 04:49:48'),(614,174,'Владимир','шпилевой','02-05-2003','09-06-2016','1298','0502702588','-',700,1,'update','2016-06-19 04:49:49'),(615,175,'ольга','мищенко','1-05-1983','09-06-2016','1276','0953183190','-',650,1,'update','2016-06-19 04:49:49'),(616,176,'Владимир','радченко','30-08-1963','10-06-2016','1311','0666026734','-',595,1,'update','2016-06-19 04:49:49'),(617,177,'дмитрий','птицын','23-07-1987','10-06-2016','1258','0668868901','-',615,1,'update','2016-06-19 04:49:50'),(618,178,'айше','сейталиева','30-03-1987','11-06-2016','1316','0957774502','+',720,1,'update','2016-06-19 04:49:50'),(619,179,'Сергей','шкута','10-01-1985','11-06-2016','1313','0508079158','+',720,1,'update','2016-06-19 04:49:50'),(620,180,'Наталья','ясковец','01-03-1962','10-06-2016','1312','0500366117','-',595,1,'update','2016-06-19 04:49:50'),(621,182,'Наталья','шовковая','19-08-1970','11-06-2016','1314','0509272528','-',1350,2,'update','2016-06-19 04:49:51'),(622,183,'Юлия','скурикина','08-11-1982','11-06-2016','1303','0636424722','+',815,1,'update','2016-06-19 04:49:51'),(623,184,'Татьяна','покотыло','16-05-1111','11-06-2016','1302','0954922956','-',630,1,'update','2016-06-19 04:49:51'),(624,185,'Сергей','кобзаренко','22-06-1111','11-06-2016','1301','0507454349','-',650,1,'update','2016-06-19 04:49:52'),(625,186,'виталий','манерский','07-11-1987','11-06-2016','1300','0952183659','+',700,1,'update','2016-06-19 04:49:52'),(626,187,'Сергей','кучеренко','16-09-1969','11-06-2016','1273','0506386024','-',555,1,'update','2016-06-19 04:49:52'),(627,188,'Александр','кудас','14-07-1994','11-06-2016','1275','0951658449','-',650,1,'update','2016-06-19 04:49:53'),(628,189,'Иван','кузьменко','30-05-1991','11-06-2016','1274','0661113324','-',650,1,'update','2016-06-19 04:49:53'),(629,190,'Юлия','зелинская','16-04-1990','12-06-2016','1321','0986544401','+',630,1,'update','2016-06-19 04:49:53'),(630,191,'Ирина','божко','28-07-1978','12-06-2016','1320','0508737396','-',595,1,'update','2016-06-19 04:49:53'),(631,192,'радомир','шестерняк','25-01-1994','12-06-2016','1317','0951615104','+',605,1,'update','2016-06-19 04:49:54'),(632,193,'Наталья','троян','02-07-1978','12-06-2016','1318','0963852235','-',630,1,'update','2016-06-19 04:49:54'),(633,194,'фириддин','шалимов','01-08-1978','12-06-2016','1319','0997773402','-',805,1,'update','2016-06-19 04:49:54'),(634,196,'пётр','грек','11-11-1111','12-06-2016','1261','0504422054','-',555,1,'update','2016-06-19 04:49:55'),(635,198,'Николай','малыш','24-11-1985','12-06-2016','1259','0955705880','-',650,1,'update','2016-06-19 04:49:55'),(636,102,'Николай','Куча','05-11-1998','26-05-2016','1210','0997944909','+',605,1,'update','2016-06-19 04:50:52');
/*!40000 ALTER TABLE `client_jn` ENABLE KEYS */;
UNLOCK TABLES;

--
-- Table structure for table `clients`
--

DROP TABLE IF EXISTS `clients`;
/*!40101 SET @saved_cs_client     = @@character_set_client */;
/*!40101 SET character_set_client = utf8 */;
CREATE TABLE `clients` (
  `ID` int(11) NOT NULL AUTO_INCREMENT,
  `Name` varchar(45) DEFAULT NULL,
  `SecondName` varchar(100) DEFAULT NULL,
  `Birthday` varchar(45) DEFAULT NULL,
  `RegistrationDate` varchar(45) DEFAULT NULL,
  `CardNumber` varchar(8) DEFAULT NULL,
  `PhoneNumber` varchar(45) DEFAULT NULL,
  `Viber` varchar(45) DEFAULT NULL,
  `Amount` int(11) DEFAULT NULL,
  `Counter` int(11) DEFAULT '1',
  PRIMARY KEY (`ID`)
) ENGINE=InnoDB AUTO_INCREMENT=211 DEFAULT CHARSET=utf8;
/*!40101 SET character_set_client = @saved_cs_client */;

--
-- Dumping data for table `clients`
--

LOCK TABLES `clients` WRITE;
/*!40000 ALTER TABLE `clients` DISABLE KEYS */;
INSERT INTO `clients` VALUES (1,'Ирина','Чирка','21-06-1988','13-05-2016','1111','0956928190','-',1210,2),(2,'Наталья','Константинова','14-10-1975','14-05-2016','1112','0668061216','-',630,1),(3,'Татьяна','Сотникова','08-04-1978','14-05-2016','1113','0507742093','-',630,1),(4,'Денис','Городецкий','30-08-1988','14-05-2016','1114','0669199218','-',595,1),(5,'Александр','Лиштван','16-03-1977','14-05-2016','1115','0963368590','-',1390,2),(6,'Елена','Маловичко','12-10-1972','14-05-2016','1116','0970470285','+',890,1),(7,'Светлана','Шаговая','08-08-1979','14-05-2016','1117','0506112861','-',620,1),(8,'Алина','Партус','10-07-2001','14-05-2016','1118','0664572081','+',620,1),(9,'Елена','Вайда','08-04-1975','13-05-2016','1120','0963944606','-',590,1),(10,'Сергей','Гойко','17-01-1999','14-05-2016','1121','0977349808','-',575,1),(11,'Николай','Морозов','24-03-2000','14-05-2016','1130','0509061960','-',630,1),(12,'Елена','Пак','01-01-1111','15-05-2016','1119','0978242749','-',0,0),(13,'Анна','Гасенко','13-08-1985','17-05-2016','1122','0666338771','+',630,1),(14,'Татьяна','Максимюк','11-10-1990','17-05-2016','1131','0501030265','+',2030,3),(15,'Виктор','Лойко','08-07-1974','15-05-2016','1140','0987861269','-',690,1),(16,'Оксана','Вахрамеева','29-07-1983','15-05-2016','1141','0669309534','-',615,1),(17,'Мария','Жолуденко','26-06-1980','15-05-2016','1142','0664639694','-',650,1),(18,'Владимир','Гапоненко','01-01-1111','15-05-2016','1143','0956131614','-',460,1),(19,'Оксана','Кваша','23-03-1981','15-05-2016','1144','0955350329','+',460,1),(20,'Инна','Рудниченко','16-12-1996','15-05-2016','1145','0984544323','+',840,1),(21,'Татьяна','Тимохина','27-11-1978','15-05-2016','1146','0994647457','-',650,1),(22,'Надежда','Кравчук','28-03-1959','15-05-2016','1147','0962233319','-',620,1),(23,'Людмила','Полежай','12-09-1982','15-05-2016','1148','0501594234','+',620,1),(24,'Алексей','Арсенюк','11-03-1973','15-05-2016','1149','0974991152','-',615,1),(25,'Юлия','Фурсенко','12-03-1991','15-05-2016','1150','0953094541','+',1550,2),(26,'Алёна','Надвернюк','12-07-1975','15-05-2016','1151','0666579761','+',2060,3),(27,'Роман','Пташенчук','17-09-1986','17-05-2016','1152','0662825440','+',720,1),(28,'Виктор','Мородецкий','19-06-1962','17-05-2016','1153','0990688159','-',720,1),(29,'Яна','Приходько','28-12-1998','17-05-2016','1154','0995481262','-',510,1),(30,'Наталия','Милованова','15-12-1996','18-05-2016','1129','0994019704','-',615,1),(31,'Марина','Штанько','09-05-1969','18-05-2016','1157','0992825729','-',1400,2),(32,'Олена','Квитка','06-05-1992','18-05-2016','1156','0665097759','+',615,1),(33,'Лариса','Пискун','06-02-1973','18-05-2016','1155','0956491450','-',700,1),(34,'Людмила','Литвиненко','18-07-1980','19-05-2016','1158','0993794500','-',735,1),(35,'Руслана','Матяш','30-12-1991','19-05-2016','1123','0500839061','+',555,1),(36,'Артём','Гречко','15-03-1995','20-05-2016','1124','0997826548','-',640,1),(37,'Юлия','Черний','26-12-1979','20-05-2016','1159','0505236357','-',815,1),(38,'Майя','Антропова','02-11-1953','20-05-2016','1160','0661750700','-',735,1),(39,'Наталья','Баклашова','30-03-1984','20-05-2016','1161','0506062131','-',650,1),(40,'Иван','Новосельцев','11-11-1111','20-05-2016','1162','0505476141','-',650,1),(41,'Роман','МАРЧЕНКО','02-02-1983','21-05-2016','1126','0950266020','-',755,1),(42,'Елена','Иващенко','10-04-1983','21-05-2016','1125','0959414730','+',460,1),(43,'Елена','Несмачная','21-11-1969','21-05-2016','1163','0955886897','-',460,1),(44,'Александр','Поздняк','11-11-1111','21-05-2016','1164','0991111111','-',650,1),(45,'Вера','Мельник','25-10-1958','21-05-2016','1165','0505894465','-',890,1),(46,'Наталья','Коношенко','18-03-1984','21-05-2016','1166','0664885037','+',735,1),(47,'Екатерина','Новикова','19-07-1992','21-05-2016','1167','0996444781','+',510,1),(48,'Лариса','Михайлова','20-07-1969','21-05-2016','1168','0995621196','-',615,1),(49,'Константин','Зайцев','10-04-1986','21-05-2016','1169','0981039253','-',650,1),(50,'Виктор','Мальченко','28-06-1962','21-05-2016','1170','0953015294','-',1200,2),(51,'Наталья','Однолько','11-11-1111','22-05-2016','1132','0663773955','-',1085,2),(52,'Виталий','Пополоренко','17-07-1971','22-05-2016','1133','0977415358','-',690,1),(53,'Елена','Непомнящая','07-01-1984','22-05-2016','1134','0667821768','-',650,1),(54,'СН','Козуб','04-08-1963','22-05-2016','1138','0952212641','-',615,1),(55,'Игорь','Эберт','27-10-1987','22-05-2016','1137','0993310135','+',615,1),(56,'Кирилл','Лазарев','23-05-2000','22-05-2016','1136','0664665457','+',575,1),(57,'Дмитрий','Михальенко','01-10-1988','22-05-2016','1201','0992312261','-',555,1),(58,'Данил','Цемашко','18-05-1111','22-05-2016','1135','0993698229','-',0,0),(59,'Елена','Кириченко','03-03-1981','22-05-2016','1200','0665847925','-',555,1),(60,'Виктория','Афанасьева','19-07-1970','22-05-2016','1174','0951999074','-',890,1),(61,'Иван','Гнатюк','11-11-1111','22-05-2016','1179','0667873797','-',650,1),(62,'Михаил','Трапезников','11-11-1111','22-05-2016','1172','0660241954','-',575,1),(63,'Анжела','Пенжанина','05-07-1969','22-05-2016','1171','0951945239','-',1800,3),(64,'Елена','Гармаш','20-06-1966','22-05-2016','1173','0951430014','-',555,1),(65,'Оксана','Ковалёва','11-11-1111','22-05-2016','1175','0660134506','-',595,1),(66,'Анна','Гамчук','16-04-1979','22-05-2016','1176','0955385024','-',1340,2),(67,'Александр','Савчук','22-02-1961','22-05-2016','1177','0506438665','-',1350,2),(68,'Александр','Жарий','03-11-1985','22-05-2016','1178','0663506490','-',620,1),(69,'Валентин','Станкович','23-07-1990','22-05-2016','1180','0955706916','-',545,1),(70,'Виктор','Ноженко','03-06-1993','22-05-2016','1190','0951754414','+',1335,2),(71,'Татьяна','Черней','12-10-1976','22-05-2016','1191','0951602960','-',615,1),(72,'Игорь','Смоляр','30-07-1969','22-05-2016','1192','0957189699','-',630,1),(73,'Наталия','Лях','28-10-1975','22-05-2016','1193','0958780755','+',1210,2),(74,'Анастасия','Анастасенко','26-03-1996','22-05-2016','1194','0951005749','-',595,1),(75,'Виталия','Басова','28-12-1981','22-05-2016','1127','0956779152','+',595,1),(76,'Любовь','Скороход','26-08-1970','22-05-2016','1128','0954785725','-',605,1),(77,'Иван','Санин','27-10-1989','22-05-2016','1240','0996116958','-',800,1),(78,'Сергей','Гришковский','29-06-1975','22-05-2016','1241','0954886320','-',595,1),(79,'Игорь','Мазурик','18-06-1991','22-05-2016','1242','0666171234','-',555,1),(80,'Денис','Баринов','01-01-1986','22-05-2016','1243','0677577811','+',1255,2),(81,'Александр','Заворитный','11-11-1111','22-05-2016','1195','0685611203','-',720,1),(82,'Владимир','Баранов','07-05-1963','22-05-2016','1196','0660001011','+',750,1),(83,'Александр','Ховруков','03-05-1971','24-05-2016','1202','0995052989','-',1240,2),(84,'Виталий','Веровский','04-06-1965','24-05-2016','1209','0992907716','-',595,1),(85,'Алёна','Тохтай','28-05-1999','21-05-2016','1139','0509267921','-',650,1),(86,'Олег','Сорокин','18-01-1111','22-05-2016','1208','0985886190','-',720,1),(87,'Оксана','Березанская','02-10-1979','24-05-2016','1197','0980598838','-',1375,2),(88,'Татьяна','Горовая','22-11-1987','24-05-2016','1198','0665909287','-',620,1),(89,'Наталья','Емельянова','18-04-1979','24-05-2016','1199','0985885536','-',365,1),(90,'Алёна','Юшко','07-01-1982','24-05-2016','1181','0978784861','-',630,1),(91,'Владимир','Петух','22-06-1984','24-05-2016','1182','0990347898','+',555,1),(92,'Алина','Козлова','04-12-1979','24-05-2016','1183','0991061250','-',785,1),(93,'Галина','Марцинкевич','17-04-1956','24-05-2016','1184','0991111111','-',625,1),(94,'Евгений','Романович','19-12-2000','24-05-2016','1244','0500378701','-',650,1),(95,'Валентина','Чабанова','03-07-1964','25-05-2016','1185','0999753234','+',1490,2),(96,'Ирина','Рожко','13-06-1970','25-05-2016','1186','0509790357','-',2440,4),(97,'Маргарита','Данилова','14-12-1983','25-05-2016','1187','0990402265','+',565,1),(98,'Мурат','Халимов','10-08-1968','25-05-2016','1188','0506643079','+',615,1),(99,'Светлана','Матвийчук','23-04-1976','25-05-2016','1245','0993666176','-',590,1),(100,'Валерия','Маленькая','12-02-1999','26-05-2016','1189','0506181071','-',750,1),(101,'Александр','Редан','27-05-1111','26-05-2016','1206','0956481534','-',720,1),(102,'Николай','Куча','05-11-1998','26-05-2016','1210','0997944909','+',605,1),(103,'Надежда','Ревенко','15-11-1968','27-05-2016','1211','0995392534','+',1980,3),(104,'Наталья','Младзиевская','08-08-1969','27-05-2016','1212','0956807189','+',565,1),(105,'Александр','Бийчук','27-05-1996','27-05-2016','1213','0951463798','-',555,1),(106,'Сергей','Жерковский','31-03-1988','27-05-2016','1246','0954201282','-',615,1),(107,'Валентин','Черкесов','01-01-1111','28-05-2016','1204','0509565836','-',1245,2),(108,'Владимир','Буритко','27-05-1953','28-05-2016','1247','0957176575','-',650,1),(109,'Оксана','Гаврилёк','09-01-1972','28-05-2016','1248','0951986120','-',650,1),(110,'Игорь','Люлько','22-05-1976','28-05-2016','1249','0668009893','-',640,1),(111,'Елена','Пуховець','02-03-1972','27-05-2016','1214','0668720667','+',840,1),(112,'Лилия','Даниленко','16-05-1965','28-05-2016','1215','0964999484','-',640,1),(113,'Александр','Остапенко','17-05-1958','28-05-2016','1216','0956980739','-',835,1),(114,'Валентина','Кириченко','01-02-1975','28-05-2016','1217','0502009190','-',795,1),(115,'Инна','Черненко','31-01-1995','28-05-2016','1218','0991503509','-',1360,2),(116,'Татьяна','Полонская','24-07-1974','29-05-2016','1219','0996599153','-',650,1),(117,'Елена','Мошковська','11-04-1979','29-05-2016','1230','0956991351','-',640,1),(118,'Юрий','Адаменко','11-11-1111','29-05-2016','1220','0507225437','-',1435,2),(119,'Денис','Нараков','21-01-1992','29-05-2016','1221','0507292637','-',630,1),(120,'Светлана','Беньковская','09-10-1979','29-05-2016','1222','0984701869','-',500,1),(121,'Сергей','Толстой','10-08-1987','29-05-2016','1231','0661034526','-',520,1),(122,'Лариса','Гордиенко','30-01-1970','29-05-2016','1223','0979263177','-',1270,2),(123,'Сергей','Величко','03-03-1971','29-05-2016','1224','0503961735','-',1935,3),(124,'Владимир','Кравец','18-01-1979','31-05-2016','1225','0953168405','+',0,0),(125,'Андрей','Юркевич','25-03-1969','31-05-2016','1226','0501499375','-',650,1),(126,'Денис','Шевченко','27-07-1998','1-06-2016','1233','0994990474','+',650,1),(127,'Маргарита','Тимоховцева','06-06-1991','1-06-2016','1232','0990103337','+',660,1),(128,'Ольга','Худзей','07-07-1981','1-06-2016','1229','0661254282','-',500,1),(129,'Майя','Полегенько','23-04-1982','1-06-2016','1228','0957350865','+',565,1),(130,'Дина','Куцык','15-10-1993','1-06-2016','1227','0952245099','+',615,1),(131,'Светлана','Квициния','09-10-1981','1-06-2016','1205','0993426462','-',605,1),(132,'Людмила','Лебедь','02-08-1976','1-06-2016','1279','0990685482','-',630,1),(133,'Галина','Суптеля','04-07-1960','2-06-2016','1207','0950069877','-',1100,1),(134,'Сергей','Карпенко','02-05-1991','2-06-2016','1234','0501766903','-',520,1),(135,'Дмитрий','Пшеничный','28-10-1989','2-06-2016','1235','0989115906','-',650,1),(136,'Татьяна','Пушко','27-06-1974','2-06-2016','1236','0984166345','-',615,1),(137,'Екатерина','Давыденко','10-12-2000','2-06-2016','1237','0957741172','-',520,1),(138,'Таисия','Пышная','01-03-77','04-06-2016','1292','0991826079','-',1460,2),(139,'Сергей','Шевяков','31-03-1974','04-06-2016','1291','0953178632','-',520,1),(140,'Елена','Лисовец','02-06-1977','04-06-2016','1290','0983116365','+',370,1),(141,'Татьяна','Абрамовская','06-06-1963','04-06-2016','1288','0958788433','-',545,1),(142,'Татьяна','Баль','07-11-1975','04-06-2016','1289','0506481494','-',250,1),(143,'Антонина','Троцко','21-11-1974','04-06-2016','1287','0502826960','-',720,1),(144,'Виталий','Беляченко','03-09-1966','04-06-2016','1286','0502196378','+',690,1),(145,'Виталий','Бачковский','18-05-1979','04-06-2016','1285','0502831955','-',0,0),(146,'Елена','Ющенко','29-11-1986','04-06-2016','1252','0662145501','-',1120,2),(147,'Оксана','Ливицька','16-08-1980','04-06-2016','1251','0502213017','-',555,1),(148,'Алла','Ткаченко','23-12-1984','04-06-2016','1250','0952778553','+',595,1),(149,'Алексей','Кильдеров','17-05-1975','04-06-2016','1283','0660608044','-',555,1),(150,'Ольга','Иова','16-08-1963','03-06-2016','1282','0662058595','+',615,1),(151,'Николай','Лобанов','11-06-1995','03-06-2016','1281','0507289541','+',1200,2),(152,'Александр','Чумак','10-09-1983','04-06-2016','1280','0956863103','-',720,1),(153,'Игорь','Савчук','7-11-1983','03-06-2016','1238','0509584785','+',615,1),(154,'Владислав','Обушный','23-05-1995','03-06-2016','1239','0969390326','-',795,1),(155,'Александр','Суворов','03-09-1991','03-06-2016','1203','0501845978','-',720,1),(156,'Федор','Федоренко','04-07-1111','03-06-2016','1270','0991431505','+',720,1),(157,'Галина','Швиденко','21-10-1976','03-06-2016','1284','0506214799','+',595,1),(158,'Виталий','Павлик','26-02-1998','05-06-2016','1255','0660536572','-',1370,2),(159,'Елена','Пантюхова','03-04-2001','05-06-2016','1254','0956853362','-',690,1),(160,'Константин','Новохилиный','28-11-1986','05-06-2016','1253','0660506005','-',605,1),(161,'Борис','Кеселёв','09-12-1111','05-06-2016','1277','0501395441','-',615,1),(162,'Ирина','Дегтярь','23-07-1111','05-06-2016','1272','0508034205','+',520,1),(163,'Артём','Крещенко','31-05-1989','05-06-2016','1278','0500569434','-',690,1),(164,'Владимир','Сахарчук','29-09-1989','05-06-2016','1271','0668808554','+',800,1),(165,'Игорь','Сердюк','27-01-1951','05-06-2016','1295','0665155800','-',595,1),(166,'Наталья','Кулик','29-12-1974','05-06-2016','1294','0662294911','-',890,1),(167,'Татьяна','Рябцева','03-02-1974','05-06-2016','1293','0660774988','-',1435,2),(168,'Александр','Калинин','23-10-1995','8-06-2016','1297','0998788279','-',815,1),(169,'Андрей','Шичанин','28-04-1956','8-06-2016','1296','0504444736','+',595,1),(170,'Александр','Курильченко','27-11-1979','8-06-2016','1256','0997679930','+',615,1),(171,'Владимир','Орешко','10-12-1993','09-06-2016','1257','0953645503','-',720,1),(172,'Андрей','Таран','26-06-1991','09-06-2016','1310','0991630595','+',630,1),(173,'Артём','Боков','13-03-1994','09-06-2016','1299','0661959164','-',795,1),(174,'Владимир','Шпилевой','02-05-2003','09-06-2016','1298','0502702588','-',700,1),(175,'Ольга','Мищенко','1-05-1983','09-06-2016','1276','0953183190','-',650,1),(176,'Владимир','Радченко','30-08-1963','10-06-2016','1311','0666026734','-',595,1),(177,'Дмитрий','Птицын','23-07-1987','10-06-2016','1258','0668868901','-',615,1),(178,'Айше','Сейталиева','30-03-1987','11-06-2016','1316','0957774502','+',720,1),(179,'Сергей','Шкута','10-01-1985','11-06-2016','1313','0508079158','+',720,1),(180,'Наталья','Ясковец','01-03-1962','10-06-2016','1312','0500366117','-',595,1),(181,'Юрий','Мулик','17-11-1984','11-06-2016','1315','0671841376','-',650,1),(182,'Наталья','Шовковая','19-08-1970','11-06-2016','1314','0509272528','-',1350,2),(183,'Юлия','Скурикина','08-11-1982','11-06-2016','1303','0636424722','+',815,1),(184,'Татьяна','Покотыло','16-05-1111','11-06-2016','1302','0954922956','-',630,1),(185,'Сергей','Кобзаренко','22-06-1111','11-06-2016','1301','0507454349','-',650,1),(186,'Виталий','Манерский','07-11-1987','11-06-2016','1300','0952183659','+',700,1),(187,'Сергей','Кучеренко','16-09-1969','11-06-2016','1273','0506386024','-',555,1),(188,'Александр','Кудас','14-07-1994','11-06-2016','1275','0951658449','-',650,1),(189,'Иван','Кузьменко','30-05-1991','11-06-2016','1274','0661113324','-',650,1),(190,'Юлия','Зелинская','16-04-1990','12-06-2016','1321','0986544401','+',630,1),(191,'Ирина','Божко','28-07-1978','12-06-2016','1320','0508737396','-',595,1),(192,'Радомир','Шестерняк','25-01-1994','12-06-2016','1317','0951615104','+',605,1),(193,'Наталья','Троян','02-07-1978','12-06-2016','1318','0963852235','-',630,1),(194,'Фириддин','Шалимов','01-08-1978','12-06-2016','1319','0997773402','-',805,1),(195,'Владимир','Калинин','03-07-1967','12-06-2016','1262','0962271315','-',720,1),(196,'Пётр','Грек','11-11-1111','12-06-2016','1261','0504422054','-',555,1),(197,'Юрий','Килевой','21-04-1975','12-06-2016','1260','0955538574','-',720,1),(198,'Николай','Малыш','24-11-1985','12-06-2016','1259','0955705880','-',650,1),(199,'Елена','Андрос','21-02-1967','12-06-2016','1305','0505525781','-',0,0),(200,'Владимир','Ярошенко','23-11-1963','12-06-2016','1304','0506681807','-',615,1),(201,'Анатолий','Мельниченко','19-07-1963','14-06-2016','1326','0662165790','-',650,1),(202,'Юрий','Василенко','01-01-1963','14-06-2016','1329','0675560833','+',630,1),(203,'Витта','Ступанова','18-07-1111','14-06-2016','1327','0993368837','-',650,1),(204,'Ирина','Барановская','13-01-1975','14-06-2016','1325','0663760502','-',525,1),(205,'Светлана','Терёхина','04-08-1982','14-06-2016','1323','0974740206','+',535,1),(206,'Александр','Чиненый','27-11-1993','14-06-2016','1309','0506588502','-',720,1),(207,'Александр','Лозицкий','28-11-1999','15-06-2016','1306','0505856695','-',795,1),(208,'Наталья','Филюк','06-05-1982','15-06-2016','1328','0664885484','-',555,1),(209,'Надежда','Щербак','21-03-1977','15-06-2016','1324','0953597610','-',890,1),(210,'Елена','Будько','15-10-1986','15-06-2016','1322','0666068409','-',630,1);
/*!40000 ALTER TABLE `clients` ENABLE KEYS */;
UNLOCK TABLES;
/*!50003 SET @saved_cs_client      = @@character_set_client */ ;
/*!50003 SET @saved_cs_results     = @@character_set_results */ ;
/*!50003 SET @saved_col_connection = @@collation_connection */ ;
/*!50003 SET character_set_client  = utf8 */ ;
/*!50003 SET character_set_results = utf8 */ ;
/*!50003 SET collation_connection  = utf8_general_ci */ ;
/*!50003 SET @saved_sql_mode       = @@sql_mode */ ;
/*!50003 SET sql_mode              = '' */ ;
DELIMITER ;;
/*!50003 CREATE*/ /*!50017 DEFINER=`adminIfZwUrc`@`127.8.124.130`*/ /*!50003 trigger t_clientInsert before insert on clients
for each row begin
insert into client_jn set Operation = 'insert', DateOperation = NOW(),
ClientID = NEW.ID, ClientName = NEW.Name, ClientSecondName = NEW.SecondName,
ClientBirthday = NEW.Birthday, ClientReagistrationDate = NEW.RegistrationDate,
CardNumber = NEW.CardNumber, PhoneNumber = NEW.PhoneNumber, Viber = NEW.Viber,
Amount = NEW.Amount, Counter = NEW.Counter; END */;;
DELIMITER ;
/*!50003 SET sql_mode              = @saved_sql_mode */ ;
/*!50003 SET character_set_client  = @saved_cs_client */ ;
/*!50003 SET character_set_results = @saved_cs_results */ ;
/*!50003 SET collation_connection  = @saved_col_connection */ ;
/*!50003 SET @saved_cs_client      = @@character_set_client */ ;
/*!50003 SET @saved_cs_results     = @@character_set_results */ ;
/*!50003 SET @saved_col_connection = @@collation_connection */ ;
/*!50003 SET character_set_client  = utf8 */ ;
/*!50003 SET character_set_results = utf8 */ ;
/*!50003 SET collation_connection  = utf8_general_ci */ ;
/*!50003 SET @saved_sql_mode       = @@sql_mode */ ;
/*!50003 SET sql_mode              = '' */ ;
DELIMITER ;;
/*!50003 CREATE*/ /*!50017 DEFINER=`adminIfZwUrc`@`127.8.124.130`*/ /*!50003 trigger t_clientUpdate after update on clients
for each row begin
insert into client_jn set Operation = 'update', DateOperation = NOW(),
ClientID = OLD.ID, ClientName = OLD.Name, ClientSecondName = OLD.SecondName,
ClientBirthday = OLD.Birthday, ClientReagistrationDate = OLD.RegistrationDate,
CardNumber = OLD.CardNumber, PhoneNumber = OLD.PhoneNumber, Viber = OLD.Viber,
Amount = OLD.Amount, Counter = OLD.Counter; END */;;
DELIMITER ;
/*!50003 SET sql_mode              = @saved_sql_mode */ ;
/*!50003 SET character_set_client  = @saved_cs_client */ ;
/*!50003 SET character_set_results = @saved_cs_results */ ;
/*!50003 SET collation_connection  = @saved_col_connection */ ;
/*!50003 SET @saved_cs_client      = @@character_set_client */ ;
/*!50003 SET @saved_cs_results     = @@character_set_results */ ;
/*!50003 SET @saved_col_connection = @@collation_connection */ ;
/*!50003 SET character_set_client  = utf8 */ ;
/*!50003 SET character_set_results = utf8 */ ;
/*!50003 SET collation_connection  = utf8_general_ci */ ;
/*!50003 SET @saved_sql_mode       = @@sql_mode */ ;
/*!50003 SET sql_mode              = '' */ ;
DELIMITER ;;
/*!50003 CREATE*/ /*!50017 DEFINER=`adminIfZwUrc`@`127.8.124.130`*/ /*!50003 trigger t_clientDelete before delete on clients
for each row begin
insert into client_jn set Operation = 'delete', DateOperation = NOW(),
ClientID = OLD.ID, ClientName = OLD.Name, ClientSecondName = OLD.SecondName,
ClientBirthday = OLD.Birthday, ClientReagistrationDate = OLD.RegistrationDate,
CardNumber = OLD.CardNumber, PhoneNumber = OLD.PhoneNumber, Viber = OLD.Viber,
Amount = OLD.Amount, Counter = OLD.Counter; END */;;
DELIMITER ;
/*!50003 SET sql_mode              = @saved_sql_mode */ ;
/*!50003 SET character_set_client  = @saved_cs_client */ ;
/*!50003 SET character_set_results = @saved_cs_results */ ;
/*!50003 SET collation_connection  = @saved_col_connection */ ;

--
-- Table structure for table `sales`
--

DROP TABLE IF EXISTS `sales`;
/*!40101 SET @saved_cs_client     = @@character_set_client */;
/*!40101 SET character_set_client = utf8 */;
CREATE TABLE `sales` (
  `ID` int(11) NOT NULL AUTO_INCREMENT,
  `CardNumber` varchar(45) NOT NULL,
  `DateOfSale` varchar(45) NOT NULL,
  `Amount` varchar(45) NOT NULL,
  `JeansNumber` varchar(45) NOT NULL,
  `JeansSize` varchar(45) NOT NULL,
  `Saler` varchar(45) NOT NULL,
  PRIMARY KEY (`ID`)
) ENGINE=InnoDB AUTO_INCREMENT=245 DEFAULT CHARSET=utf8;
/*!40101 SET character_set_client = @saved_cs_client */;

--
-- Dumping data for table `sales`
--

LOCK TABLES `sales` WRITE;
/*!40000 ALTER TABLE `sales` DISABLE KEYS */;
INSERT INTO `sales` VALUES (2,'1','13-05-2016','610','912','28','т'),(3,'1','13-05-2016','600','002','32','т'),(4,'2','14-05-2016','630','1948','28','т'),(5,'3','14-05-2016','630','1932','30','т'),(6,'4','14-05-2016','595','417','36','к'),(7,'5','14-05-2016','700','919','25','т'),(8,'5','14-05-2016','690','1131','28','т'),(9,'6','14-05-2016','890','913','27','т'),(10,'7','14-05-2016','620','1120','28','т'),(11,'8','14-05-2016','620','907','25','т'),(12,'9','13-05-2016','590','428','33','ц'),(13,'10','14-05-2016','575','1781','32','ц'),(14,'11','14-05-2016','630','1931','38','к'),(15,'13','17-05-2016','630','1937','30','ц'),(16,'14','17-05-2016','630','434','30','к'),(17,'14','17-05-2016','800','1612','32','к'),(18,'14','17-05-2016','600','1759','33','к'),(19,'15','15-05-2016','690','1121','33','т'),(20,'16','15-05-2016','615','1938','28','т'),(21,'17','15-05-2016','650','023','34','т'),(22,'18','15-05-2016','460','70','100','т'),(23,'19','15-05-2016','460','91','90','т'),(24,'20','15-05-2016','840','888','25','т'),(25,'21','15-05-2016','650','1617','33','т'),(26,'22','15-05-2016','620','1120','32','т'),(27,'23','15-05-2016','620','762','28','т'),(28,'24','15-05-2016','615','1006','40','т'),(29,'25','15-05-2016','660','1113','33','т'),(30,'25','15-05-2016','890','919','27','т'),(31,'26','15-05-2016','620','906','28','т'),(32,'26','15-05-2016','720','915','30','т'),(33,'26','15-05-2016','720','915','28','т'),(34,'27','17-05-2016','720','1011','34','т'),(35,'28','17-05-2016','720','1012','36','т'),(36,'29','17-05-2016','510','1133','29','т'),(37,'33','18-05-2016','700','433','41','т'),(38,'32','18-05-2016','615','1936','34','т'),(39,'31','18-05-2016','700','910','36','т'),(40,'31','18-05-2016','700','1125','36','т'),(41,'30','18-05-2016','615','1937','32','ц'),(42,'34','19-05-2016','735','914','27','т'),(43,'35','19-05-2016','555','441','31','ц'),(44,'36','20-05-2016','640','1607','40','ц'),(45,'37','20-05-2016','815','1614','32','т'),(46,'38','20-05-2016','735','895','31','т'),(47,'39','20-05-2016','650','1626','34','т'),(48,'40','20-05-2016','650','1620','30','т'),(49,'43','21-05-2016','460','96','80','т'),(50,'44','21-05-2016','650','023','36','т'),(51,'45','21-05-2016','890','919','26','т'),(52,'46','21-05-2016','735','917','27','т'),(53,'47','21-05-2016','510','1133','30','т'),(54,'48','21-05-2016','615','1937','28','т'),(55,'49','21-05-2016','650','024','36','т'),(56,'50','21-05-2016','600','024','38','т'),(57,'50','21-05-2016','600','919','35','т'),(58,'42','21-05-2016','460','78','72','ц'),(59,'41','21-05-2016','755','1787','41','ц'),(60,'62','22-05-2016','575','1134','30','т'),(61,'63','22-05-2016','720','895','32','т'),(62,'63','22-05-2016','460','90','90','т'),(63,'63','22-05-2016','620','906','30','т'),(64,'64','22-05-2016','555','938','31','т'),(65,'60','22-05-2016','890','894','31','т'),(66,'65','22-05-2016','595','1630','32','т'),(67,'66','22-05-2016','720','1626','36','т'),(68,'66','22-05-2016','620','1010','34','т'),(69,'67','22-05-2016','650','1623','32','т'),(70,'68','22-05-2016','620','1120','29','т'),(71,'61','22-05-2016','650','440','33','т'),(72,'69','22-05-2016','545','1134','32','т'),(73,'70','22-05-2016','615','1937','31','т'),(74,'71','22-05-2016','615','1121','30','т'),(75,'72','22-05-2016','630','1947','37','т'),(76,'73','22-05-2016','595','5027','30','т'),(77,'73','22-05-2016','615','1938','30','т'),(78,'74','22-05-2016','595','1630','36','т'),(79,'81','22-05-2016','720','434','33','т'),(80,'54','22-05-2016','615','1007','36','к'),(81,'55','22-05-2016','615','1938','34','к'),(82,'56','22-05-2016','575','429','32','к'),(83,'59','22-05-2016','555','1781','34','к'),(84,'57','22-05-2016','555','442','32','к'),(85,'75','22-05-2016','595','1629','36','ц'),(86,'76','22-05-2016','605','1792','38','ц'),(87,'77','22-05-2016','800','1014','30','ц'),(88,'78','22-05-2016','595','5085','33','ц'),(89,'79','22-05-2016','555','1892','33','ц'),(90,'80','22-05-2016','630','1606','32','ц'),(91,'80','22-05-2016','625','1104','33','ц'),(92,'51','21-05-2016','400','492','72','к'),(93,'51','21-05-2016','685','405','28','к'),(94,'52','21-05-2016','690','1008','40','к'),(95,'53','21-05-2016','650','496','42','к'),(96,'85','21-05-2016','650','1936','28','к'),(97,'86','22-05-2016','720','1011','34','к'),(98,'83','22-05-2016','620','1846','36','к'),(99,'83','22-05-2016','620','420ш','36','к'),(100,'84','22-05-2016','595','1630м','30','к'),(101,'94','24-05-2016','650','1625м','33','ц'),(102,'82','24-05-2016','750','1788м','40','т'),(103,'87','24-05-2016','745','924ж','28','т'),(104,'88','24-05-2016','620','1120жш','33','т'),(105,'89','24-05-2016','365','501бр','72','т'),(106,'90','24-05-2016','630','1773м','32','т'),(107,'91','24-05-2016','555','441ш','33','т'),(108,'92','24-05-2016','785','902ж','30','т'),(109,'93','24-05-2016','625','896ж','31','т'),(110,'95','25-05-2016','840','911ж','29','т'),(111,'95','25-05-2016','650','023','33','т'),(112,'96','25-05-2016','600','896ж','36','т'),(113,'96','25-05-2016','570','1135жш','37','т'),(114,'96','25-05-2016','620','905ж','29','т'),(115,'97','25-05-2016','565','1136жш','29','т'),(116,'98','25-05-2016','615','1937','29','т'),(117,'87','26-05-2016','630','1631м','34','т'),(118,'100','26-05-2016','750','923ж','28','т'),(119,'102','26-05-2016','605','1793','30','т'),(120,'101','26-05-2016','720','1008','40','к'),(121,'99','25-05-2016','590','430ш','29','ц'),(122,'107','28-05-2016','620','1622','42','к'),(123,'107','28-05-2016','625','919','40','к'),(124,'96','28-05-2016','650','023','40','т'),(125,'103','27-05-2016','680','906ж','29','т'),(126,'103','27-05-2016','600','908ж','29','т'),(127,'103','27-05-2016','700','924ж','29','т'),(128,'104','27-05-2016','565','1136жш','30','т'),(129,'105','27-05-2016','555','431ш','32','т'),(130,'70','28-05-2016','720','447ш','30','т'),(131,'111','28-05-2016','840','911ж','31','т'),(132,'112','28-05-2016','640','1603','33','т'),(133,'113','28-05-2016','835','132','31','т'),(134,'114','28-05-2016','795','1633','31','т'),(135,'115','28-05-2016','745','923ж','30','т'),(136,'115','28-05-2016','615','015','32','т'),(137,'108','28-05-2016','650','440ш','34','ц'),(138,'109','28-05-2016','650','024','34','ц'),(139,'110','28-05-2016','640','1604','38','ц'),(140,'106','27-05-2016','615','1937','34','ц'),(141,'132','01-06-2016','630','1950','33','к'),(142,'131','01-06-2016','605','1793','31','к'),(143,'116','29-05-2016','650','1620','32','т'),(144,'117','29-05-2016','640','432ш','33','т'),(145,'118','29-05-2016','690','1122','32','т'),(146,'119','29-05-2016','630','1948','34','т'),(147,'120','29-05-2016','500','031жш','25','т'),(148,'121','29-05-2016','520','1129жш','26','т'),(149,'122','29-05-2016','745','924ж','30','т'),(150,'122','29-05-2016','525','000жш','31','т'),(151,'123','29-05-2016','595','920','34','т'),(152,'123','29-05-2016','690','1122','34','т'),(153,'123','29-05-2016','650','1625','36','т'),(154,'124','31-05-2016','555','443ш','36','т'),(155,'125','31-05-2016','650','023','40','т'),(156,'130','01-06-2016','615','1936','30','т'),(157,'129','01-06-2016','565','1136жш','31','т'),(158,'128','01-06-2016','500','1131жш','27','т'),(159,'127','01-06-2016','660','1610','28','т'),(160,'126','01-06-2016','650','1618','38','т'),(161,'134','01-06-2016','520','1116жш','26','т'),(162,'135','02-06-2016','650','024','40','т'),(163,'118','02-06-2016','745','924ж','27','т'),(164,'136','02-06-2016','615','406ш','38','т'),(165,'137','02-06-2016','520','1114жш','27','т'),(166,'153','02-06-2016','615','1941','31','т'),(167,'154','02-06-2016','795','1634','30','т'),(168,'152','02-06-2016','720','434ш','36','т'),(169,'151','02-06-2016','610','1937','33','т'),(170,'151','02-06-2016','590','428ш','34','т'),(171,'150','02-06-2016','615','1936','31','т'),(172,'157','02-06-2016','595','1629','34','т'),(173,'158','04-06-2016','815','1602','32','т'),(174,'144','04-06-2016','690','1120','34','т'),(175,'143','04-06-2016','720','446ш','36','т'),(176,'142','04-06-2016','250','016жш','25','т'),(177,'141','04-06-2016','545','1135жш','35','т'),(178,'140','04-06-2016','370','023жш','25','т'),(179,'139','04-06-2016','520','1111жш','25','т'),(180,'138','04-06-2016','545','1134жш','31','т'),(181,'138','04-06-2016','915','894ж','29','т'),(182,'167','05-06-2016','650','023','38','т'),(183,'167','05-06-2016','785','899ж','29','т'),(184,'166','05-06-2016','890','921ж','27','т'),(185,'165','05-06-2016','595','919','38','т'),(186,'148','04-06-2016','595','1630','32','ц'),(187,'147','04-06-2016','555','934','34','ц'),(188,'160','05-06-2016','605','1792','33','ц'),(189,'159','05-06-2016','690','1121','38','ц'),(190,'158','05-06-2016','555','432ш','34','ц'),(191,'133','02-06-2016','1100','64','44','к'),(192,'155','03-06-2016','720','434ш','32','к'),(193,'149','03-06-2016','555','366ш','29','к'),(194,'156','03-06-2016','720','448ш','32','к'),(195,'163','05-06-2016','690','1611','33','к'),(196,'164','05-06-2016','800','1014','29','к'),(197,'146','04-06-2016','620','438ш','32','ц'),(198,'146','04-06-2016','500','025жш','37','ц'),(199,'162','05-06-2016','520','817бр','80','к'),(200,'161','05-06-2016','615','174','40','к'),(201,'169','08-06-2016','595','1628','34','т'),(202,'168','08-06-2016','815','1616','32','т'),(203,'170','08-06-2016','615','406ш','31','ц'),(204,'174','09-06-2016','700','403ш','32','т'),(205,'173','09-06-2016','795','1634','33','т'),(206,'172','09-06-2016','630','1939','33','т'),(207,'176','10-06-2016','595','1628','32','т'),(208,'171','09-06-2016','720','1010','33','ц'),(209,'177','10-06-2016','615','1941','30','ц'),(210,'175','09-06-2016','650','328ш','31','к'),(211,'188','11-06-2016','650','439ш','33','к'),(212,'189','11-06-2016','650','1625','30','к'),(213,'187','11-06-2016','555','098','31','к'),(214,'186','11-06-2016','700','1744','42','к'),(215,'185','11-06-2016','650','435ш','33','к'),(216,'184','11-06-2016','630','436ш','33','к'),(217,'183','11-06-2016','815','1616','31','к'),(218,'200','11-06-2016','615','088','33','к'),(219,'206','14-06-2016','720','448ш','29','к'),(220,'198','12-06-2016','650','438ш','28','ц'),(221,'197','12-06-2016','720','1011','40','ц'),(222,'196','12-06-2016','555','097','33','ц'),(223,'195','12-06-2016','720','1010','31','ц'),(224,'180','11-06-2016','595','1629','31','т'),(225,'179','11-06-2016','720','1008','34','т'),(226,'182','11-06-2016','545','1135жш','36','т'),(227,'181','11-06-2016','650','1623','36','т'),(228,'178','11-06-2016','720','1012','34','т'),(229,'182','12-06-2016','805','886ж','31','т'),(230,'67','12-06-2016','700','918ж','28','т'),(231,'192','12-06-2016','605','1793','33','т'),(232,'193','12-06-2016','630','436ш','34','т'),(233,'194','12-06-2016','805','1790','50','т'),(234,'191','12-06-2016','595','1629','38','т'),(235,'190','12-06-2016','630','437ш','34','т'),(236,'205','14-06-2016','535','856ж','29','т'),(237,'204','14-06-2016','525','981ж','28','т'),(238,'203','14-06-2016','650','1622','40','т'),(239,'202','14-06-2016','630','1627','34','т'),(240,'201','14-06-2016','650','023','34','т'),(241,'210','15-06-2016','630','437ш','30','т'),(242,'209','15-06-2016','890','921ж','26','т'),(243,'208','15-06-2016','555','381ш','28','т'),(244,'207','15-06-2016','795','1634','31','т');
/*!40000 ALTER TABLE `sales` ENABLE KEYS */;
UNLOCK TABLES;
/*!50003 SET @saved_cs_client      = @@character_set_client */ ;
/*!50003 SET @saved_cs_results     = @@character_set_results */ ;
/*!50003 SET @saved_col_connection = @@collation_connection */ ;
/*!50003 SET character_set_client  = utf8 */ ;
/*!50003 SET character_set_results = utf8 */ ;
/*!50003 SET collation_connection  = utf8_general_ci */ ;
/*!50003 SET @saved_sql_mode       = @@sql_mode */ ;
/*!50003 SET sql_mode              = 'NO_AUTO_VALUE_ON_ZERO' */ ;
DELIMITER ;;
/*!50003 CREATE*/ /*!50017 DEFINER=`root`@`localhost`*/ /*!50003 trigger t_SaleInsert before insert on sales
for each row begin
insert into sales_jn set Operation = 'insert', DateOperation = NOW(),
SaleID = NEW.ID, CardNumber = NEW.CardNumber, DateOfSale = NEW.DateOfSale,
Amount = NEW.Amount, JeansNumber = NEW.JeansNumber,
JeansSize = NEW.JeansSize, Saler = NEW.Saler;
 END */;;
DELIMITER ;
/*!50003 SET sql_mode              = @saved_sql_mode */ ;
/*!50003 SET character_set_client  = @saved_cs_client */ ;
/*!50003 SET character_set_results = @saved_cs_results */ ;
/*!50003 SET collation_connection  = @saved_col_connection */ ;
/*!50003 SET @saved_cs_client      = @@character_set_client */ ;
/*!50003 SET @saved_cs_results     = @@character_set_results */ ;
/*!50003 SET @saved_col_connection = @@collation_connection */ ;
/*!50003 SET character_set_client  = utf8 */ ;
/*!50003 SET character_set_results = utf8 */ ;
/*!50003 SET collation_connection  = utf8_general_ci */ ;
/*!50003 SET @saved_sql_mode       = @@sql_mode */ ;
/*!50003 SET sql_mode              = 'NO_AUTO_VALUE_ON_ZERO' */ ;
DELIMITER ;;
/*!50003 CREATE*/ /*!50017 DEFINER=`root`@`localhost`*/ /*!50003 trigger t_SaleUpdate after update on sales
for each row begin
insert into sales_jn set Operation = 'update', DateOperation = NOW(),
SaleID = OLD.ID, CardNumber = OLD.CardNumber, DateOfSale = OLD.DateOfSale,
Amount = OLD.Amount, JeansNumber = OLD.JeansNumber,
JeansSize = OLD.JeansSize, Saler = OLD.Saler;
 END */;;
DELIMITER ;
/*!50003 SET sql_mode              = @saved_sql_mode */ ;
/*!50003 SET character_set_client  = @saved_cs_client */ ;
/*!50003 SET character_set_results = @saved_cs_results */ ;
/*!50003 SET collation_connection  = @saved_col_connection */ ;
/*!50003 SET @saved_cs_client      = @@character_set_client */ ;
/*!50003 SET @saved_cs_results     = @@character_set_results */ ;
/*!50003 SET @saved_col_connection = @@collation_connection */ ;
/*!50003 SET character_set_client  = utf8 */ ;
/*!50003 SET character_set_results = utf8 */ ;
/*!50003 SET collation_connection  = utf8_general_ci */ ;
/*!50003 SET @saved_sql_mode       = @@sql_mode */ ;
/*!50003 SET sql_mode              = 'NO_AUTO_VALUE_ON_ZERO' */ ;
DELIMITER ;;
/*!50003 CREATE*/ /*!50017 DEFINER=`root`@`localhost`*/ /*!50003 trigger t_SaleDelete before delete on sales
for each row begin
insert into sales_jn set Operation = 'delete', DateOperation = NOW(),
SaleID = OLD.ID, CardNumber = OLD.CardNumber, DateOfSale = OLD.DateOfSale,
Amount = OLD.Amount, JeansNumber = OLD.JeansNumber,
JeansSize = OLD.JeansSize, Saler = OLD.Saler;
 END */;;
DELIMITER ;
/*!50003 SET sql_mode              = @saved_sql_mode */ ;
/*!50003 SET character_set_client  = @saved_cs_client */ ;
/*!50003 SET character_set_results = @saved_cs_results */ ;
/*!50003 SET collation_connection  = @saved_col_connection */ ;

--
-- Table structure for table `sales_jn`
--

DROP TABLE IF EXISTS `sales_jn`;
/*!40101 SET @saved_cs_client     = @@character_set_client */;
/*!40101 SET character_set_client = utf8 */;
CREATE TABLE `sales_jn` (
  `ID` int(11) NOT NULL AUTO_INCREMENT,
  `SaleID` int(11) NOT NULL,
  `CardNumber` varchar(45) NOT NULL,
  `DateOfSale` varchar(45) NOT NULL,
  `Amount` varchar(45) NOT NULL,
  `JeansNumber` varchar(45) NOT NULL,
  `JeansSize` varchar(45) NOT NULL,
  `Saler` varchar(45) NOT NULL,
  `Operation` varchar(45) NOT NULL,
  `DateOperation` varchar(45) NOT NULL,
  PRIMARY KEY (`ID`)
) ENGINE=InnoDB AUTO_INCREMENT=245 DEFAULT CHARSET=utf8;
/*!40101 SET character_set_client = @saved_cs_client */;

--
-- Dumping data for table `sales_jn`
--

LOCK TABLES `sales_jn` WRITE;
/*!40000 ALTER TABLE `sales_jn` DISABLE KEYS */;
INSERT INTO `sales_jn` VALUES (1,2,'1','13-05-2016','610','912','28','т','insert','2016-05-14 12:51:15'),(2,3,'1','13-05-2016','600','002','32','т','insert','2016-05-14 12:52:34'),(3,4,'2','14-05-2016','630','1948','28','т','insert','2016-05-14 13:19:34'),(4,5,'3','14-05-2016','630','1932','30','т','insert','2016-05-14 13:24:02'),(5,6,'4','14-05-2016','595','417','36','к','insert','2016-05-14 13:26:47'),(6,7,'5','14-05-2016','700','919','25','т','insert','2016-05-14 13:29:29'),(7,8,'5','14-05-2016','690','1131','28','т','insert','2016-05-14 13:30:05'),(8,9,'6','14-05-2016','890','913','27','т','insert','2016-05-14 13:32:24'),(9,10,'7','14-05-2016','620','1120','28','т','insert','2016-05-14 13:35:53'),(10,11,'8','14-05-2016','620','907','25','т','insert','2016-05-14 13:37:49'),(11,12,'9','13-05-2016','590','428','33','ц','insert','2016-05-14 13:41:07'),(12,13,'10','14-05-2016','575','1781','32','ц','insert','2016-05-14 13:58:01'),(13,14,'11','14-05-2016','630','1931','38','к','insert','2016-05-14 14:08:14'),(14,15,'13','17-05-2016','630','1937','30','ц','insert','2016-05-18 09:56:22'),(15,16,'14','17-05-2016','630','434','30','к','insert','2016-05-18 09:58:10'),(16,17,'14','17-05-2016','800','1612','32','к','insert','2016-05-18 09:59:34'),(17,18,'14','17-05-2016','600','1759','33','к','insert','2016-05-18 10:00:12'),(18,19,'15','15-05-2016','690','1121','33','т','insert','2016-05-18 10:01:41'),(19,20,'16','15-05-2016','615','1938','28','т','insert','2016-05-18 10:02:17'),(20,21,'17','15-05-2016','650','023','34','т','insert','2016-05-18 10:02:48'),(21,22,'18','15-05-2016','460','70','100','т','insert','2016-05-18 10:03:22'),(22,23,'19','15-05-2016','460','91','90','т','insert','2016-05-18 10:04:02'),(23,24,'20','15-05-2016','840','888','25','т','insert','2016-05-18 10:04:28'),(24,25,'21','15-05-2016','650','1617','33','т','insert','2016-05-18 10:04:55'),(25,26,'22','15-05-2016','620','1120','32','т','insert','2016-05-18 10:05:27'),(26,27,'23','15-05-2016','620','762','28','т','insert','2016-05-18 10:06:00'),(27,28,'24','15-05-2016','615','1006','40','т','insert','2016-05-18 10:06:30'),(28,29,'25','15-05-2016','660','1113','33','т','insert','2016-05-18 10:07:01'),(29,30,'25','15-05-2016','890','919','27','т','insert','2016-05-18 10:07:36'),(30,31,'26','15-05-2016','620','906','28','т','insert','2016-05-18 10:08:04'),(31,32,'26','15-05-2016','720','915','30','т','insert','2016-05-18 10:08:40'),(32,33,'26','15-05-2016','720','915','28','т','insert','2016-05-18 10:09:08'),(33,34,'27','17-05-2016','720','1011','34','т','insert','2016-05-18 10:09:48'),(34,35,'28','17-05-2016','720','1012','36','т','insert','2016-05-18 10:10:25'),(35,36,'29','17-05-2016','510','1133','29','т','insert','2016-05-18 10:10:51'),(36,37,'33','18-05-2016','700','433','41','т','insert','2016-05-18 10:17:19'),(37,38,'32','18-05-2016','615','1936','34','т','insert','2016-05-18 10:17:55'),(38,39,'31','18-05-2016','700','910','36','т','insert','2016-05-18 10:18:37'),(39,40,'31','18-05-2016','700','1125','36','т','insert','2016-05-18 10:19:12'),(40,41,'30','18-05-2016','615','1937','32','ц','insert','2016-05-18 10:19:54'),(41,42,'34','19-05-2016','735','914','27','т','insert','2016-05-19 13:33:29'),(42,43,'35','19-05-2016','555','441','31','ц','insert','2016-05-19 13:35:34'),(43,44,'36','20-05-2016','640','1607','40','ц','insert','2016-05-20 12:28:54'),(44,45,'37','20-05-2016','815','1614','32','т','insert','2016-05-20 12:29:32'),(45,46,'38','20-05-2016','735','895','31','т','insert','2016-05-20 12:30:04'),(46,47,'39','20-05-2016','650','1626','34','т','insert','2016-05-20 12:30:44'),(47,48,'40','20-05-2016','650','1620','30','т','insert','2016-05-20 12:31:14'),(48,49,'43','21-05-2016','460','96','80','т','insert','2016-05-21 13:47:37'),(49,50,'44','21-05-2016','650','023','36','т','insert','2016-05-21 13:48:09'),(50,51,'45','21-05-2016','890','919','26','т','insert','2016-05-21 13:49:58'),(51,52,'46','21-05-2016','735','917','27','т','insert','2016-05-21 13:50:30'),(52,53,'47','21-05-2016','510','1133','30','т','insert','2016-05-21 13:51:06'),(53,54,'48','21-05-2016','615','1937','28','т','insert','2016-05-21 13:51:35'),(54,55,'49','21-05-2016','650','024','36','т','insert','2016-05-21 13:52:11'),(55,56,'50','21-05-2016','600','024','38','т','insert','2016-05-21 13:53:06'),(56,57,'50','21-05-2016','600','919','35','т','insert','2016-05-21 13:53:37'),(57,58,'42','21-05-2016','460','78','72','ц','insert','2016-05-21 13:54:16'),(58,59,'41','21-05-2016','755','1787','41','ц','insert','2016-05-21 13:55:04'),(59,60,'62','22-05-2016','575','1134','30','т','insert','2016-05-23 07:34:28'),(60,61,'63','22-05-2016','720','895','32','т','insert','2016-05-23 07:35:02'),(61,62,'63','22-05-2016','460','90','90','т','insert','2016-05-23 07:35:38'),(62,63,'63','22-05-2016','620','906','30','т','insert','2016-05-23 07:36:13'),(63,64,'64','22-05-2016','555','938','31','т','insert','2016-05-23 07:36:45'),(64,65,'60','22-05-2016','890','894','31','т','insert','2016-05-23 07:38:22'),(65,66,'65','22-05-2016','595','1630','32','т','insert','2016-05-23 07:38:50'),(66,67,'66','22-05-2016','720','1626','36','т','insert','2016-05-23 07:39:53'),(67,68,'66','22-05-2016','620','1010','34','т','insert','2016-05-23 07:40:25'),(68,69,'67','22-05-2016','650','1623','32','т','insert','2016-05-23 07:40:55'),(69,70,'68','22-05-2016','620','1120','29','т','insert','2016-05-23 07:41:26'),(70,71,'61','22-05-2016','650','440','33','т','insert','2016-05-23 07:41:56'),(71,72,'69','22-05-2016','545','1134','32','т','insert','2016-05-23 07:42:30'),(72,73,'70','22-05-2016','615','1937','31','т','insert','2016-05-23 07:42:58'),(73,74,'71','22-05-2016','615','1121','30','т','insert','2016-05-23 07:43:20'),(74,75,'72','22-05-2016','630','1947','37','т','insert','2016-05-23 07:43:52'),(75,76,'73','22-05-2016','595','5027','30','т','insert','2016-05-23 07:44:21'),(76,77,'73','22-05-2016','615','1938','30','т','insert','2016-05-23 07:44:52'),(77,78,'74','22-05-2016','595','1630','36','т','insert','2016-05-23 07:45:22'),(78,79,'81','22-05-2016','720','434','33','т','insert','2016-05-23 07:46:54'),(79,80,'54','22-05-2016','615','1007','36','т','insert','2016-05-23 07:48:26'),(80,81,'55','22-05-2016','615','1938','34','к','insert','2016-05-23 07:48:59'),(81,82,'56','22-05-2016','575','429','32','к','insert','2016-05-23 07:51:24'),(82,83,'59','22-05-2016','555','1781','34','к','insert','2016-05-23 07:52:22'),(83,84,'57','22-05-2016','555','442','32','к','insert','2016-05-23 07:52:48'),(84,80,'54','22-05-2016','615','1007','36','т','update','2016-05-23 08:11:45'),(85,85,'75','22-05-2016','595','1629','36','ц','insert','2016-05-23 08:35:01'),(86,86,'76','22-05-2016','605','1792','38','ц','insert','2016-05-23 08:35:27'),(87,87,'77','22-05-2016','800','1014','30','ц','insert','2016-05-23 08:35:56'),(88,88,'78','22-05-2016','595','5085','33','ц','insert','2016-05-23 08:36:24'),(89,89,'79','22-05-2016','555','1892','33','ц','insert','2016-05-23 08:36:52'),(90,90,'80','22-05-2016','630','1606','32','ц','insert','2016-05-23 08:37:33'),(91,91,'80','22-05-2016','625','1104','33','ц','insert','2016-05-23 08:38:02'),(92,92,'51','21-05-2016','400','492','72','к','insert','2016-05-23 08:41:14'),(93,93,'51','21-05-2016','685','405','28','к','insert','2016-05-23 08:41:50'),(94,94,'52','21-05-2016','690','1008','40','к','insert','2016-05-23 08:43:12'),(95,95,'53','21-05-2016','650','496','42','к','insert','2016-05-23 08:48:47'),(96,96,'85','21-05-2016','650','1936','28','к','insert','2016-05-24 12:10:11'),(97,97,'86','22-05-2016','720','1011','34','к','insert','2016-05-24 12:12:42'),(98,98,'83','22-05-2016','620','1846','36','к','insert','2016-05-24 12:41:50'),(99,99,'83','22-05-2016','620','420ш','36','к','insert','2016-05-24 12:42:34'),(100,100,'84','22-05-2016','595','1630м','30','к','insert','2016-05-24 12:43:22'),(101,101,'94','24-05-2016','650','1625м','33','ц','insert','2016-05-24 12:45:15'),(102,102,'82','24-05-2016','750','1788м','40','т','insert','2016-05-24 12:45:50'),(103,103,'87','24-05-2016','745','924ж','28','т','insert','2016-05-24 12:47:23'),(104,104,'88','24-05-2016','620','1120жш','33','т','insert','2016-05-24 12:48:07'),(105,105,'89','24-05-2016','365','501бр','72','т','insert','2016-05-24 12:48:46'),(106,106,'90','24-05-2016','630','1773м','32','т','insert','2016-05-24 12:49:16'),(107,107,'91','24-05-2016','555','441ш','33','т','insert','2016-05-24 12:50:12'),(108,108,'92','24-05-2016','785','902ж','30','т','insert','2016-05-24 12:50:40'),(109,109,'93','24-05-2016','625','896ж','31','т','insert','2016-05-24 12:51:07'),(110,110,'95','25-05-2016','840','911ж','29','т','insert','2016-05-26 12:16:17'),(111,111,'95','25-05-2016','650','023','33','т','insert','2016-05-26 12:16:41'),(112,112,'96','25-05-2016','600','896ж','36','т','insert','2016-05-26 12:17:27'),(113,113,'96','25-05-2016','570','1135жш','37','т','insert','2016-05-26 12:18:12'),(114,114,'96','25-05-2016','620','905ж','29','т','insert','2016-05-26 12:19:06'),(115,115,'97','25-05-2016','565','1136жш','29','т','insert','2016-05-26 12:19:47'),(116,116,'98','25-05-2016','615','1937','29','т','insert','2016-05-26 12:20:19'),(117,117,'87','26-05-2016','630','1631м','34','т','insert','2016-05-26 12:21:05'),(118,118,'100','26-05-2016','750','923ж','28','т','insert','2016-05-26 12:21:46'),(119,119,'102','26-05-2016','605','1793','30','т','insert','2016-05-26 12:22:31'),(120,120,'101','26-05-2016','720','1008','40','к','insert','2016-05-26 12:23:21'),(121,121,'99','25-05-2016','590','430ш','29','ц','insert','2016-05-26 12:24:04'),(122,122,'107','28-05-2016','620','1622','42','к','insert','2016-05-28 14:49:47'),(123,123,'107','28-05-2016','625','919','40','к','insert','2016-05-28 14:50:22'),(124,124,'96','28-05-2016','650','023','40','т','insert','2016-05-28 14:51:39'),(125,125,'103','27-05-2016','680','906ж','29','т','insert','2016-05-28 14:52:49'),(126,126,'103','27-05-2016','600','908ж','29','т','insert','2016-05-28 14:53:53'),(127,127,'103','27-05-2016','700','924ж','29','т','insert','2016-05-28 14:54:45'),(128,128,'104','27-05-2016','565','1136жш','30','т','insert','2016-05-28 14:55:24'),(129,129,'105','27-05-2016','555','431ш','32','т','insert','2016-05-28 14:55:57'),(130,130,'70','28-05-2016','720','447ш','30','т','insert','2016-05-28 14:56:36'),(131,131,'111','28-05-2016','840','911ж','31','т','insert','2016-05-28 14:57:14'),(132,132,'112','28-05-2016','640','1603','33','т','insert','2016-05-28 14:57:49'),(133,133,'113','28-05-2016','835','132','31','т','insert','2016-05-28 14:58:46'),(134,134,'114','28-05-2016','795','1633','31','т','insert','2016-05-28 14:59:21'),(135,135,'115','28-05-2016','745','923ж','30','т','insert','2016-05-28 14:59:50'),(136,136,'115','28-05-2016','615','015','32','т','insert','2016-05-28 15:00:38'),(137,137,'108','28-05-2016','650','440ш','34','ц','insert','2016-05-28 15:01:27'),(138,138,'109','28-05-2016','650','024','34','ц','insert','2016-05-28 15:02:11'),(139,139,'110','28-05-2016','640','1604','38','ц','insert','2016-05-28 15:02:45'),(140,140,'106','27-05-2016','615','1937','34','ц','insert','2016-05-28 15:03:25'),(141,141,'132','01-06-2016','630','1950','33','к','insert','2016-06-01 13:19:00'),(142,142,'131','01-06-2016','605','1793','31','к','insert','2016-06-01 13:19:39'),(143,143,'116','29-05-2016','650','1620','32','т','insert','2016-06-01 13:20:42'),(144,144,'117','29-05-2016','640','432ш','33','т','insert','2016-06-01 13:21:26'),(145,145,'118','29-05-2016','690','1122','32','т','insert','2016-06-01 13:21:54'),(146,146,'119','29-05-2016','630','1948','34','т','insert','2016-06-01 13:22:34'),(147,147,'120','29-05-2016','500','031жш','25','т','insert','2016-06-01 13:23:25'),(148,148,'121','29-05-2016','520','1129жш','26','т','insert','2016-06-01 13:25:31'),(149,149,'122','29-05-2016','745','924ж','30','т','insert','2016-06-01 13:26:07'),(150,150,'122','29-05-2016','525','000жш','31','т','insert','2016-06-01 13:26:51'),(151,151,'123','29-05-2016','595','920','34','т','insert','2016-06-01 13:27:28'),(152,152,'123','29-05-2016','690','1122','34','т','insert','2016-06-01 13:27:53'),(153,153,'123','29-05-2016','650','1625','36','т','insert','2016-06-01 13:28:23'),(154,154,'124','31-05-2016','555','443ш','36','т','insert','2016-06-01 13:29:16'),(155,155,'125','31-05-2016','650','023','40','т','insert','2016-06-01 13:29:48'),(156,156,'130','01-06-2016','615','1936','30','т','insert','2016-06-01 13:30:18'),(157,157,'129','01-06-2016','565','1136жш','31','т','insert','2016-06-01 13:30:57'),(158,158,'128','01-06-2016','500','1131жш','27','т','insert','2016-06-01 13:31:31'),(159,159,'127','01-06-2016','660','1610','28','т','insert','2016-06-01 13:32:03'),(160,160,'126','01-06-2016','650','1618','38','т','insert','2016-06-01 13:32:45'),(161,161,'134','01-06-2016','520','1116жш','26','т','insert','2016-06-06 06:02:15'),(162,162,'135','02-06-2016','650','024','40','т','insert','2016-06-06 06:03:14'),(163,163,'118','02-06-2016','745','924ж','27','т','insert','2016-06-06 06:04:03'),(164,164,'136','02-06-2016','615','406ш','38','т','insert','2016-06-06 06:04:47'),(165,165,'137','02-06-2016','520','1114жш','27','т','insert','2016-06-06 06:05:58'),(166,166,'153','02-06-2016','615','1941','31','т','insert','2016-06-06 06:06:32'),(167,167,'154','02-06-2016','795','1634','30','т','insert','2016-06-06 06:07:02'),(168,168,'152','02-06-2016','720','434ш','36','т','insert','2016-06-06 06:07:46'),(169,169,'151','02-06-2016','610','1937','33','т','insert','2016-06-06 06:08:31'),(170,170,'151','02-06-2016','590','428ш','34','т','insert','2016-06-06 06:09:08'),(171,171,'150','02-06-2016','615','1936','31','т','insert','2016-06-06 06:09:41'),(172,172,'157','02-06-2016','595','1629','34','т','insert','2016-06-06 06:10:19'),(173,173,'158','04-06-2016','815','1602','32','т','insert','2016-06-06 06:11:01'),(174,174,'144','04-06-2016','690','1120','34','т','insert','2016-06-06 06:11:43'),(175,175,'143','04-06-2016','720','446ш','36','т','insert','2016-06-06 06:12:14'),(176,176,'142','04-06-2016','250','016жш','25','т','insert','2016-06-06 06:12:46'),(177,177,'141','04-06-2016','545','1135жш','35','т','insert','2016-06-06 06:13:18'),(178,178,'140','04-06-2016','370','023жш','25','т','insert','2016-06-06 06:13:59'),(179,179,'139','04-06-2016','520','1111жш','25','т','insert','2016-06-06 06:14:38'),(180,180,'138','04-06-2016','545','1134жш','31','т','insert','2016-06-06 06:15:22'),(181,181,'138','04-06-2016','915','894ж','29','т','insert','2016-06-06 06:16:02'),(182,182,'167','05-06-2016','650','023','38','т','insert','2016-06-06 06:17:40'),(183,183,'167','05-06-2016','785','899ж','29','т','insert','2016-06-06 06:18:15'),(184,184,'166','05-06-2016','890','921ж','27','т','insert','2016-06-06 06:18:55'),(185,185,'165','05-06-2016','595','919','38','т','insert','2016-06-06 06:19:37'),(186,186,'148','04-06-2016','595','1630','32','ц','insert','2016-06-06 06:20:57'),(187,187,'147','04-06-2016','555','934','34','ц','insert','2016-06-06 06:21:30'),(188,188,'160','05-06-2016','605','1792','33','ц','insert','2016-06-06 06:22:15'),(189,189,'159','05-06-2016','690','1121','38','ц','insert','2016-06-06 06:22:54'),(190,190,'158','05-06-2016','555','432ш','34','ц','insert','2016-06-06 06:23:29'),(191,191,'133','02-06-2016','1100','64','44','к','insert','2016-06-06 06:24:46'),(192,192,'155','03-06-2016','720','434ш','32','к','insert','2016-06-06 06:36:21'),(193,193,'149','03-06-2016','555','366ш','29','к','insert','2016-06-06 06:37:00'),(194,194,'156','03-06-2016','720','448ш','32','к','insert','2016-06-06 06:37:32'),(195,195,'163','05-06-2016','690','1611','33','к','insert','2016-06-06 06:38:16'),(196,196,'164','05-06-2016','800','1014','29','к','insert','2016-06-06 06:38:52'),(197,197,'146','04-06-2016','620','438ш','32','ц','insert','2016-06-06 06:53:46'),(198,198,'146','04-06-2016','500','025жш','37','ц','insert','2016-06-06 06:54:35'),(199,199,'162','05-06-2016','520','817бр','80','к','insert','2016-06-06 06:55:45'),(200,200,'161','05-06-2016','615','174','40','к','insert','2016-06-06 06:56:24'),(201,201,'169','08-06-2016','595','1628','34','т','insert','2016-06-08 13:08:17'),(202,202,'168','08-06-2016','815','1616','32','т','insert','2016-06-08 13:08:55'),(203,203,'170','08-06-2016','615','406ш','31','ц','insert','2016-06-08 13:09:42'),(204,204,'174','09-06-2016','700','403ш','32','т','insert','2016-06-10 14:32:44'),(205,205,'173','09-06-2016','795','1634','33','т','insert','2016-06-10 14:33:16'),(206,206,'172','09-06-2016','630','1939','33','т','insert','2016-06-10 14:33:48'),(207,207,'176','10-06-2016','595','1628','32','т','insert','2016-06-10 14:34:28'),(208,208,'171','09-06-2016','720','1010','33','ц','insert','2016-06-10 14:35:10'),(209,209,'177','10-06-2016','615','1941','30','ц','insert','2016-06-10 14:35:45'),(210,210,'175','09-06-2016','650','328ш','31','к','insert','2016-06-10 14:36:56'),(211,211,'188','11-06-2016','650','439ш','33','к','insert','2016-06-15 10:32:36'),(212,212,'189','11-06-2016','650','1625','30','к','insert','2016-06-15 10:33:17'),(213,213,'187','11-06-2016','555','098','31','к','insert','2016-06-15 10:33:56'),(214,214,'186','11-06-2016','700','1744','42','к','insert','2016-06-15 10:34:34'),(215,215,'185','11-06-2016','650','435ш','33','к','insert','2016-06-15 10:35:16'),(216,216,'184','11-06-2016','630','436ш','33','к','insert','2016-06-15 10:36:03'),(217,217,'183','11-06-2016','815','1616','31','к','insert','2016-06-15 10:36:36'),(218,218,'200','11-06-2016','615','088','33','к','insert','2016-06-15 10:37:06'),(219,219,'206','14-06-2016','720','448ш','29','к','insert','2016-06-15 10:38:17'),(220,220,'198','12-06-2016','650','438ш','28','ц','insert','2016-06-15 10:49:28'),(221,221,'197','12-06-2016','720','1011','40','ц','insert','2016-06-15 10:50:06'),(222,222,'196','12-06-2016','555','097','33','ц','insert','2016-06-15 10:51:29'),(223,223,'195','12-06-2016','720','1010','31','ц','insert','2016-06-15 10:52:00'),(224,224,'180','11-06-2016','595','1629','31','т','insert','2016-06-15 10:53:33'),(225,225,'179','11-06-2016','720','1008','34','т','insert','2016-06-15 10:54:15'),(226,226,'182','11-06-2016','545','1135жш','36','т','insert','2016-06-15 10:55:00'),(227,227,'181','11-06-2016','650','1623','36','т','insert','2016-06-15 10:55:28'),(228,228,'178','11-06-2016','720','1012','34','т','insert','2016-06-15 10:55:55'),(229,229,'182','12-06-2016','805','886ж','31','т','insert','2016-06-15 10:57:21'),(230,230,'67','12-06-2016','700','918ж','28','т','insert','2016-06-15 10:58:05'),(231,231,'192','12-06-2016','605','1793','33','т','insert','2016-06-15 10:58:43'),(232,232,'193','12-06-2016','630','436ш','34','т','insert','2016-06-15 10:59:25'),(233,233,'194','12-06-2016','805','1790','50','т','insert','2016-06-15 11:00:04'),(234,234,'191','12-06-2016','595','1629','38','т','insert','2016-06-15 11:00:44'),(235,235,'190','12-06-2016','630','437ш','34','т','insert','2016-06-15 11:01:19'),(236,236,'205','14-06-2016','535','856ж','29','т','insert','2016-06-15 11:02:17'),(237,237,'204','14-06-2016','525','981ж','28','т','insert','2016-06-15 11:02:52'),(238,238,'203','14-06-2016','650','1622','40','т','insert','2016-06-15 11:03:24'),(239,239,'202','14-06-2016','630','1627','34','т','insert','2016-06-15 11:04:04'),(240,240,'201','14-06-2016','650','023','34','т','insert','2016-06-15 11:04:34'),(241,241,'210','15-06-2016','630','437ш','30','т','insert','2016-06-15 11:05:36'),(242,242,'209','15-06-2016','890','921ж','26','т','insert','2016-06-15 11:06:19'),(243,243,'208','15-06-2016','555','381ш','28','т','insert','2016-06-15 11:07:41'),(244,244,'207','15-06-2016','795','1634','31','т','insert','2016-06-15 11:08:10');
/*!40000 ALTER TABLE `sales_jn` ENABLE KEYS */;
UNLOCK TABLES;
/*!40103 SET TIME_ZONE=@OLD_TIME_ZONE */;

/*!40101 SET SQL_MODE=@OLD_SQL_MODE */;
/*!40014 SET FOREIGN_KEY_CHECKS=@OLD_FOREIGN_KEY_CHECKS */;
/*!40014 SET UNIQUE_CHECKS=@OLD_UNIQUE_CHECKS */;
/*!40101 SET CHARACTER_SET_CLIENT=@OLD_CHARACTER_SET_CLIENT */;
/*!40101 SET CHARACTER_SET_RESULTS=@OLD_CHARACTER_SET_RESULTS */;
/*!40101 SET COLLATION_CONNECTION=@OLD_COLLATION_CONNECTION */;
/*!40111 SET SQL_NOTES=@OLD_SQL_NOTES */;

-- Dump completed on 2016-06-20 12:31:56
